chibicode;germaaan
RichardLitt;xuhdev
torvalds;linvjw
rwdaigle;jakemcc
htejun;JoePerches
tiwai;rjwysocki
tiwai;arndb
torvalds;ralfbaechle
EvanDotPro;dlu;gs
techotaku;koriroys
parkr;rslifka
htejun;ozbenh
rjwysocki;danvet
Hounddog;samsonasik
Arasthel;xadro
Xerkus;PowerKiKi
tiwai;JuliaLawall
rsertelon;jcn
kAworu;jakemcc
danielfone;awkerney
germaaan;Haacked
parnmatt;jkuchta
tiwai;neilbrown
chibicode;jakemcc
vattay;koriroys
samsonasik;YonmaN
coding46;opie4624
neilbrown;paulusmack
rslifka;tomhoover
imathis;KeenRivals
herbertx;paulusmack
tawfekov;PowerKiKi
germaaan;PSanchezR
vattay;rsertelon
chibicode;kAworu
Freeaqingme;mhujer
Freeaqingme;PowerKiKi
RichardLitt;techotaku
ualjjcanada;jpc537
davem330;bzolnier
RadW2020;daz
BinaryKitten;sasezaki
djoos;nolith
akrabat;spiffyjr
AxelLin;kaber
danielfone;techotaku
AdrianBunk;paulusmack
rjwysocki;herbertx
AlfonsoBosch;ualluisiribarne
broonie;ozbenh
zlu;bendoerr
ralfbaechle;dwmw2
xuhdev;fleeting
broonie;bzolnier
jmberg;ebiederm
torvalds;rustyrussell
marshallshen;jkuchta
RichardLitt;jogjayr
ickle;herbertx
juanlubf;itchigo
ebiederm;rjwysocki
kAworu;howiehu
djoos;jcn
chibicode;treyhunner
duckpuppy;tomhoover
htejun;jmberg
samsonasik;RWOverdijk
RadW2020;LorenaSoriano
kaber;olofj
jmberg;linvjw
dmelo;YonmaN
nolith;opie4624
olofj;linvjw
RichardLitt;alishutc
davem330;rjwysocki
RadW2020;philips
gisikw;floydpink
JJ;yous
bzolnier;paulusmack
akrabat;juriansluiman
JuliaLawall;chrismason;xx
coss;kassah
spiffyjr;samsonasik
awkerney;fleeting
ralfbaechle;JuliaLawall
ebiederm;ickle
marshallshen;subosito
AxelLin;dwmw2
Arasthel;MrBIMC
lzcabrera;alishutc
vyper;bendoerr
diemuzi;RWOverdijk
Maks3w;kassah
dmelo;lrodziewicz
RichardLitt;rsertelon
hacst;jetliao0909
zlu;vyper
zlu;Darkhogg
Bittarman;samsonasik
htejun;paulusmack
lsmith77;dmelo
spiffyjr;BinaryKitten
jldam;makyangosto
plusjade;philips
dwmw2;chrismason;xx
davem330;danvet
imathis;parkr
juanlubf;jpc537
RadW2020;xuhdev
akrabat;Freeaqingme
tiwai;broonie
dlu;gs;diemuzi
koomar;techotaku
studiomohawk;koriroys
fhemberger;tomhoover
jmberg;neilbrown
parnmatt;alishutc
akrabat;lsmith77
Ocramius;diemuzi
EvanDotPro;BinaryKitten
marshallshen;studiomohawk
herbertx;linvjw
zlu;duckpuppy
fleeting;jkuchta
dlu;gs;YonmaN
AdrianBunk;tmlind
josejuansanchez;raulraja
AdrianBunk;herbertx
JJ;vyper
broonie;chrismason;xx
rsertelon;opie4624
Ocramius;Freeaqingme
JoePerches;danvet
Bittarman;dlu;gs
JoePerches;ralfbaechle
plusjade;djoos
vattay;subosito
imathis;dbloete
dlu;gs;localheinz
opie4624;jkuchta
alishutc;xuhdev
gabriel403;juriansluiman
RichardLitt;parnmatt
duckpuppy;floydpink
vragovR;coss
EvanDotPro;juriansluiman
RadW2020;jcn
djoos;awkerney
Darkhogg;ndbroadbent
nolith;jkuchta
vattay;jkuchta
studiomohawk;xuhdev
Bittarman;dmelo
parkr;vyper
torvalds;davem330
Xerkus;lrodziewicz
juriansluiman;samsonasik
javipacheco;raulraja
jmberg;bzolnier
Darkhogg;tomhoover
mhujer;Xerkus
RadW2020;makyangosto
gisikw;lukearmstrong
rsertelon;philips
tomhoover;jakemcc
broonie;arndb
Darkhogg;howiehu
broonie;dwmw2
davem330;neilbrown
Maks3w;spiffyjr
philips;jkuchta
JoePerches;ickle
frangarcj;xerpi
jogjayr;daz
spiffyjr;Ocramius
chibicode;KeenRivals
Funo;raprav
Ocramius;RWOverdijk
jlblancoc;bakercp
arndb;linvjw
htejun;linvjw
parkr;KeenRivals
raprav;Ocramius
RichardLitt;vattay
JJ;ndbroadbent
raprav;Hounddog
subosito;opie4624
raprav;kassah
coss;YonmaN
coding46;nolith
djoos;parnmatt
rwdaigle;tomhoover
IreneMart;AlfonsoBosch
EvanDotPro;dmelo
kassah;samsonasik
torvalds;arndb
subosito;lzcabrera
germaaan;ndbroadbent
bzolnier;dwmw2
ickle;paulusmack
akrabat;dlu;gs
ualacorral;ualluisiribarne
chibicode;yous
koomar;opie4624
rslifka;jakemcc
htejun;rustyrussell
coding46;jkuchta
rwdaigle;omo
weierophinney;dlu;gs
subosito;koriroys
mhujer;tawfekov
RadW2020;lzcabrera
tomhoover;howiehu
EvanDotPro;weierophinney
juriansluiman;YonmaN
lukearmstrong;KeenRivals
vragovR;Xerkus
kaber;linvjw
localheinz;lrodziewicz
ndbroadbent;rwdaigle
ualjjcanada;dvormagic
danvet;tmlind
vragovR;tawfekov
Freeaqingme;lrodziewicz
fhemberger;jbrains
koomar;nolith
lukearmstrong;omo
germaaan;zlu
JJ;duckpuppy
davFlores;pemeja
raprav;lrodziewicz
marshallshen;lzcabrera
weierophinney;Ocramius
RichardLitt;lzcabrera
djoos;alishutc
akrabat;PowerKiKi
koomar;fleeting
ualmtorres;IreneMart
raprav;localheinz
herbertx;tmlind
xuhdev;jkuchta
arndb;rustyrussell
lenb;chrismason;xx
ualacorral;imaguila
localheinz;RWOverdijk
mhujer;Hounddog
weierophinney;mhujer
mikl;KeenRivals
coss;BinaryKitten
weierophinney;Bittarman
pierredup;techotaku
ebiederm;linvjw
mhujer;kassah
raprav;diemuzi
vattay;fleeting
juriansluiman;Xerkus
vyper;KeenRivals
neilbrown;herbertx
zlu;lukearmstrong
fhemberger;pilif
chibicode;dbloete
tiwai;ickle
Maks3w;Xerkus
jlblancoc;dtmoodie
mikl;floydpink
coding46;awkerney
yous;rwdaigle
RadW2020;marshallshen
tiwai;jmberg
Ocramius;vragovR
htejun;ralfbaechle
1000io;FunFR
bendoerr;jbrains
Xerkus;dlu;gs
BinaryKitten;kassah
kassah;RWOverdijk
jmberg;JoePerches
broonie;paulusmack
ualmtorres;AlfonsoBosch
ualacorral;ualmtorres
parkr;omo
kvannotten;jkuchta
rslifka;howiehu
ozbenh;tmlind
Hounddog;localheinz
AdrianBunk;olofj
neilbrown;tmlind
Maks3w;Ocramius
olofj;paulusmack
studiomohawk;vattay
linvjw;danvet
lsmith77;tawfekov
dbloete;rwdaigle
JJ;rwdaigle
EvanDotPro;kassah
tiwai;linvjw
vattay;xuhdev
broonie;ebiederm
RadW2020;parnmatt
marshallshen;kvannotten
yous;mikl
torvalds;ozbenh
weierophinney;localheinz
BinaryKitten;RWOverdijk
lukearmstrong;Haacked
parnmatt;philips
Haacked;floydpink
pierredup;nolith
mikl;treyhunner
dexafree;edouardouvrard
raprav;samsonasik
davem330;broonie
subosito;xuhdev
subosito;koomar
akrabat;samsonasik
AxelLin;danvet
torvalds;tiwai
raprav;lsmith77
dwmw2;lenb
Bittarman;mhujer
MrBIMC;gitter;badger
plusjade;roman;yagodin
germaaan;treyhunner
htejun;danvet
spiffyjr;coss
jbrains;KeenRivals
sasezaki;localheinz
coss;dlu;gs
gregkh;ralfbaechle
philips;fleeting
tiwai;ebiederm
marshallshen;xuhdev
JJ;lukearmstrong
imathis;germaaan
ualjjcanada;juanlubf
EvanDotPro;PowerKiKi
Bittarman;BinaryKitten
parnmatt;rsertelon
roman;yagodin;techotaku
JuanjoSalvador;MiguelAngelLV
JoePerches;linvjw
htejun;arndb
vattay;opie4624
lzcabrera;roman;yagodin
koomar;daz
pierredup;jogjayr
vattay;jogjayr
lzcabrera;daz
torvalds;JuliaLawall
germaaan;lukearmstrong
Darkhogg;lukearmstrong
plusjade;jcn
kaber;neilbrown
olea;juanpri
RichardLitt;philips
nolith;alishutc
kvannotten;jogjayr
weierophinney;gabriel403
koomar;jcn
Darkhogg;bendoerr
arndb;lenb
vyper;ndbroadbent
germaaan;jakemcc
ebiederm;tmlind
davem330;AdrianBunk
ozbenh;AdrianBunk
plusjade;marshallshen
dexafree;gitter;badger
Arasthel;intrications
kvannotten;daz
RadW2020;studiomohawk
louri91;Pablo126
ralfbaechle;paulusmack
kaber;ebiederm
Maks3w;vragovR
Maks3w;sasezaki
plusjade;jogjayr
Bittarman;lrodziewicz
vencejo;Mahallon
edouardouvrard;intrications
mikl;howiehu
treyhunner;floydpink
Haacked;bendoerr
AdrianBunk;lenb
eugene;kamenev;OrdonTeam
parkr;zlu
eugene;kamenev;pieces029
OrdonTeam;newjing
akrabat;RWOverdijk
tawfekov;diemuzi
EvanDotPro;Maks3w
jkuchta;koriroys
vragovR;kassah
spiffyjr;tawfekov
marshallshen;RichardLitt
yous;jbrains
gabriel403;samsonasik
danielfone;lzcabrera
ozbenh;JuliaLawall
dcompan;jpc537
jcn;koriroys
gregkh;ebiederm
jakemcc;KeenRivals
danielfone;subosito
chibicode;tomhoover
pieces029;gitter;badger
miviclin;antoniovm
raprav;Freeaqingme
yous;KeenRivals
kAworu;mikl
vragovR;sasezaki
imathis;tomhoover
AdrianBunk;chrismason;xx
SMOKE5;173210
dmelo;diemuzi
davem330;jmberg
plusjade;rsertelon
torvalds;AxelLin
ualjjcanada;AlfonsoBosch
marshallshen;danielfone
imathis;gisikw
studiomohawk;fleeting
gregkh;olofj
pilif;kAworu
raprav;coss
gabriel403;dmelo
rjwysocki;lenb
fhemberger;ndbroadbent
Bittarman;Xerkus
jogjayr;opie4624
mariogarcia;newjing
dbloete;zlu
JJ;tomhoover
jmberg;arndb
ndbroadbent;floydpink
tomhoover;KeenRivals
studiomohawk;opie4624
djoos;jogjayr
jogjayr;jkuchta
howiehu;jakemcc
treyhunner;bendoerr
chibicode;gisikw
rslifka;omo
ualjjcanada;dcompan
gabriel403;YonmaN
tiwai;ozbenh
juriansluiman;Hounddog
raprav;gabriel403
gabriel403;localheinz
YonmaN;lrodziewicz
chrismason;xx;paulusmack
kvannotten;awkerney
subosito;djoos
herbertx;lenb
JJ;Darkhogg
ozbenh;herbertx
htejun;olofj
broonie;AdrianBunk
omo;KeenRivals
broonie;rjwysocki
imathis;jbrains
Hounddog;RWOverdijk
juriansluiman;dmelo
lukearmstrong;mikl
danvet;rustyrussell
pilif;ndbroadbent
bzolnier;ickle
Ocramius;localheinz
studiomohawk;philips
RichardLitt;roman;yagodin
duckpuppy;jbrains
ndbroadbent;howiehu
spiffyjr;dmelo
renzo38;FunFR
broonie;linvjw
roman;yagodin;daz
Haacked;jakemcc
mikl;jakemcc
ndbroadbent;jakemcc
kassah;localheinz
torvalds;AdrianBunk
gisikw;mikl
studiomohawk;kvannotten
coss;Hounddog
philips;awkerney
spiffyjr;Xerkus
lzcabrera;parnmatt
ralfbaechle;linvjw
duckpuppy;Haacked
sasezaki;lrodziewicz
JuliaLawall;paulusmack
germaaan;Darkhogg
dmelo;PowerKiKi
rsertelon;xuhdev
AxelLin;herbertx
tiwai;AxelLin
AxelLin;AdrianBunk
JuliaLawall;danvet
ndbroadbent;bendoerr
mhujer;lrodziewicz
lukearmstrong;jbrains
dbloete;omo
pierredup;xuhdev
spiffyjr;PowerKiKi
jucles;nectorosales
parnmatt;fleeting
SMOKE5;frangarcj
ralfbaechle;neilbrown
htejun;JuliaLawall
RadW2020;awkerney
vragovR;dlu;gs
RichardLitt;koomar
jmberg;kaber
pilif;vyper
gregkh;dwmw2
techotaku;fleeting
yous;duckpuppy
vattay;djoos
kvannotten;koriroys
daz;xuhdev
lenb;rustyrussell
davem330;herbertx
arndb;olofj
ualjjcanada;ualluisiribarne
htejun;chrismason;xx
rslifka;kAworu
koomar;awkerney
Maks3w;diemuzi
bakercp;abellgithub
rslifka;rwdaigle
lzcabrera;awkerney
spiffyjr;raprav
dcompan;dvormagic
zlu;mikl
jmberg;JuliaLawall
gisikw;Darkhogg
weierophinney;PowerKiKi
coding46;alishutc
JuliaLawall;lenb
jmberg;ickle
chibicode;JJ
alishutc;opie4624
gregkh;AdrianBunk
gabriel403;vragovR
lukearmstrong;duckpuppy
vattay;daz
raprav;sasezaki
RichardLitt;koriroys
weierophinney;lsmith77
RadW2020;nolith
bzolnier;AxelLin
bzolnier;tmlind
imathis;chibicode
RadW2020;koriroys
dexafree;newjing
jlblancoc;jetliao0909
torvalds;olofj
juanlubf;jesustxk
marshallshen;vattay
tiwai;tmlind
ebiederm;danvet
pierredup;kvannotten
parkr;dbloete
Arasthel;edouardouvrard
raprav;tawfekov
djoos;daz
vyper;omo
ndbroadbent;duckpuppy
Darkhogg;jakemcc
EvanDotPro;Hounddog
lenb;linvjw
kvannotten;roman;yagodin
Xerkus;localheinz
duckpuppy;jakemcc
dbloete;duckpuppy
RichardLitt;fleeting
davem330;AxelLin
omo;howiehu
parkr;rwdaigle
plusjade;xuhdev
weierophinney;Xerkus
davem330;rustyrussell
imathis;ndbroadbent
localheinz;YonmaN
coding46;lzcabrera
kassah;dmelo
studiomohawk;jcn
danielfone;jogjayr
rjwysocki;tmlind
pierredup;alishutc
imathis;rwdaigle
olofj;rustyrussell
Darkhogg;Haacked
vattay;nolith
Freeaqingme;Bittarman
awkerney;techotaku
weierophinney;samsonasik
parkr;duckpuppy
djoos;lzcabrera
Maks3w;tawfekov
kvannotten;philips
pierredup;subosito
weierophinney;Freeaqingme
zlu;floydpink
gitter;badger;OrdonTeam
tiwai;dwmw2
studiomohawk;rsertelon
studiomohawk;roman;yagodin
chibicode;ndbroadbent
weierophinney;YonmaN
alishutc;fleeting
danvet;paulusmack
tiwai;JoePerches
rsertelon;jkuchta
akrabat;localheinz
mhujer;samsonasik
omo;jbrains
roman;yagodin;jcn
tiwai;olofj
subosito;jcn
Freeaqingme;dmelo
rsertelon;alishutc
Freeaqingme;coss
jlblancoc;pranjal;rai
EvanDotPro;Xerkus
imathis;omo
duckpuppy;howiehu
dbloete;tomhoover
rslifka;Haacked
roman;yagodin;jogjayr
gregkh;tmlind
JoePerches;arndb
gregkh;chrismason;xx
opie4624;techotaku
akrabat;Maks3w
yous;tomhoover
spiffyjr;vragovR
raprav;Bittarman
JuliaLawall;olofj
tawfekov;localheinz
ickle;tmlind
juriansluiman;kassah
jbrains;jakemcc
fhemberger;KeenRivals
germaaan;rslifka
Ocramius;Bittarman
ebiederm;paulusmack
plusjade;opie4624
pilif;omo
coss;localheinz
mariogarcia;dexafree
vattay;alishutc
plusjade;awkerney
Gafeju;mariaparraamat
Darkhogg;jbrains
subosito;nolith
zlu;jakemcc
koomar;koriroys
pierredup;parnmatt
spiffyjr;Freeaqingme
daz;fleeting
davem330;kaber
dcompan;juanlubf
tomhoover;jbrains
parkr;gisikw
parnmatt;nolith
lukearmstrong;tomhoover
Arasthel;eugene;kamenev
Maks3w;samsonasik
rslifka;KeenRivals
htejun;dwmw2
LorenaSoriano;jldam
sasezaki;RWOverdijk
Xerkus;YonmaN
ozbenh;dwmw2
parkr;jakemcc
htejun;lenb
akrabat;Xerkus
imaguila;ualluisiribarne
roman;yagodin;alishutc
Maks3w;lsmith77
ebiederm;chrismason;xx
pierredup;djoos
ickle;danvet
dmelo;RWOverdijk
akrabat;lrodziewicz
AdrianBunk;danvet
vragovR;lrodziewicz
rsertelon;techotaku
chibicode;omo
lukearmstrong;bendoerr
gregkh;herbertx
RadW2020;Redheadcore
gregkh;linvjw
Xerkus;kassah
fhemberger;germaaan
Haacked;KeenRivals
akrabat;vragovR
kvannotten;nolith
coss;lrodziewicz
parnmatt;koriroys
pranjal;rai;hacst
plusjade;daz
techotaku;jcn
Ocramius;dmelo
juriansluiman;localheinz
alishutc;koriroys
ralfbaechle;lenb
JoePerches;kaber
koomar;jkuchta
akrabat;raprav
subosito;jkuchta
lsmith77;kassah
broonie;lenb
plusjade;fleeting
arndb;ebiederm
Bittarman;sasezaki
ualjjcanada;farahdarwazeh
parnmatt;jogjayr
htejun;bzolnier
djoos;philips
omo;jakemcc
zlu;Haacked
danielfone;jkuchta
Ocramius;BinaryKitten
imathis;kAworu
RadW2020;danielfone
AxelLin;neilbrown
davem330;paulusmack
raprav;BinaryKitten
Darkhogg;rwdaigle
PowerKiKi;lrodziewicz
imathis;mikl
lsmith77;YonmaN
PowerKiKi;samsonasik
germaaan;dbloete
JuliaLawall;herbertx
gabriel403;Xerkus
Ocramius;kassah
Bittarman;kassah
ebiederm;lenb
mikl;Haacked
weierophinney;akrabat
neilbrown;rjwysocki
Darkhogg;mikl
sasezaki;tawfekov
danielfone;philips
jogjayr;koriroys
Bittarman;vragovR
RadW2020;jogjayr
kaber;chrismason;xx
RadW2020;RichardLitt
JuliaLawall;tmlind
frangarcj;SMOKE5
MrBIMC;OrdonTeam
RichardLitt;pierredup
lukearmstrong;treyhunner
lzcabrera;philips
Maks3w;lrodziewicz
lukearmstrong;jakemcc
imathis;lukearmstrong
rsertelon;awkerney
parkr;yous
dwmw2;danvet
chibicode;jbrains
opie4624;awkerney
rustyrussell;paulusmack
Haacked;howiehu
Hounddog;sasezaki
opie4624;daz
danielfone;roman;yagodin
weierophinney;RWOverdijk
Haacked;treyhunner
daz;techotaku
zlu;jbrains
olofj;danvet
ualjjcanada;leowindwave
vragovR;mhujer
imathis;fhemberger
roman;yagodin;opie4624
koomar;parnmatt
JuliaLawall;AdrianBunk
germaaan;floydpink
jogjayr;nolith
JuliaLawall;dwmw2
floydpink;jakemcc
IreneMart;leowindwave
gregkh;JoePerches
Xerkus;diemuzi
linvjw;chrismason;xx
lsmith77;dlu;gs
broonie;gregkh
vragovR;BinaryKitten
koomar;lzcabrera
coding46;kvannotten
Freeaqingme;sasezaki
jogjayr;jcn
plusjade;RichardLitt
Bittarman;diemuzi
arndb;dwmw2
davem330;ickle
marshallshen;philips
marshallshen;coding46
torvalds;tmlind
htejun;rjwysocki
amb690;jpc537
ccamposfuentes;franexposito
gisikw;rslifka
htejun;AdrianBunk
chibicode;duckpuppy
JJ;dbloete
kAworu;bendoerr
coding46;jcn
subosito;rsertelon
ndbroadbent;treyhunner
opie4624;fleeting
torvalds;bzolnier
imathis;duckpuppy
broonie;jmberg
daz;koriroys
alishutc;awkerney
lsmith77;diemuzi
marshallshen;parnmatt
RichardLitt;kvannotten
vragovR;PowerKiKi
ralfbaechle;olofj
yous;omo
EvanDotPro;akrabat
RichardLitt;daz
RadW2020;coding46
Redheadcore;jldam
chibicode;zlu
spiffyjr;kassah
Ocramius;lrodziewicz
neilbrown;lenb
pilif;Darkhogg
JoePerches;AdrianBunk
kaber;danvet
dbloete;treyhunner
spiffyjr;YonmaN
AxelLin;tmlind
pilif;rwdaigle
vragovR;lsmith77
lzcabrera;jcn
kaber;tmlind
gabriel403;sasezaki
plusjade;danielfone
fhemberger;treyhunner
pieces029;newjing
imathis;zlu
juriansluiman;PowerKiKi
lsmith77;localheinz
vattay;jcn
parkr;bendoerr
vyper;lukearmstrong
pierredup;coding46
RadW2020;pierredup
coss;sasezaki
rwdaigle;jbrains
akrabat;BinaryKitten
Freeaqingme;kassah
EvanDotPro;Ocramius
Ocramius;sasezaki
notnilk;MiguelAngelLV
parkr;JJ
gregkh;lenb
Redheadcore;LorenaSoriano
AxelLin;paulusmack
rjwysocki;olofj
rsertelon;daz
treyhunner;tomhoover
htejun;ickle
AxelLin;rustyrussell
rsertelon;koriroys
RichardLitt;jcn
rsertelon;nolith
tiwai;danvet
sasezaki;dlu;gs
broonie;neilbrown
marshallshen;fleeting
mikl;ndbroadbent
davem330;ralfbaechle
duckpuppy;omo
JoePerches;chrismason;xx
diemuzi;lrodziewicz
Freeaqingme;YonmaN
ickle;linvjw
parkr;kAworu
spiffyjr;sasezaki
koomar;jogjayr
eugene;kamenev;MrBIMC
gisikw;treyhunner
ozbenh;rjwysocki
Freeaqingme;lsmith77
ndbroadbent;omo
AxelLin;chrismason;xx
ralfbaechle;ozbenh
Haacked;tomhoover
AxelLin;JuliaLawall
imathis;bendoerr
JoePerches;AxelLin
LorenaSoriano;RadW2020
zlu;ndbroadbent
kAworu;rwdaigle
IreneMart;ualluisiribarne
subosito;daz
jmberg;dwmw2
danielfone;koomar
lukearmstrong;howiehu
mhujer;PowerKiKi
broonie;ralfbaechle
lenb;danvet
Bittarman;lsmith77
neilbrown;dwmw2
gisikw;kAworu
fleeting;koriroys
alishutc;techotaku
tawfekov;dlu;gs
akrabat;YonmaN
studiomohawk;parnmatt
parkr;floydpink
treyhunner;KeenRivals
pilif;tomhoover
Bittarman;coss
AxelLin;lenb
studiomohawk;danielfone
ndbroadbent;Haacked
gisikw;zlu
pierredup;jkuchta
studiomohawk;RichardLitt
parnmatt;jcn
rjwysocki;dwmw2
yous;bendoerr
ndbroadbent;tomhoover
opie4624;xuhdev
germaaan;kAworu
alishutc;jkuchta
raprav;YonmaN
pranjal;rai;jetliao0909
kassah;PowerKiKi
herbertx;rustyrussell
ccamposfuentes;si2info
vattay;danielfone
arndb;tmlind
mariogarcia;MrBIMC
bendoerr;howiehu
JJ;jbrains
eugene;kamenev;gitter;badger
parnmatt;daz
fhemberger;yous
neilbrown;ebiederm
kAworu;omo
coding46;fleeting
weierophinney;sasezaki
danielfone;xuhdev
Freeaqingme;dlu;gs
linvjw;tmlind
jogjayr;awkerney
AxelLin;linvjw
broonie;tmlind
EvanDotPro;gabriel403
lzcabrera;koriroys
lzcabrera;rsertelon
plusjade;pierredup
EvanDotPro;coss
Freeaqingme;localheinz
alishutc;daz
coding46;koriroys
kvannotten;rsertelon
dlu;gs;PowerKiKi
Ocramius;dlu;gs
vattay;awkerney
gabriel403;PowerKiKi
kvannotten;techotaku
ralfbaechle;rustyrussell
arndb;neilbrown
ickle;olofj
ozbenh;paulusmack
mariogarcia;OrdonTeam
parkr;tomhoover
plusjade;alishutc
weierophinney;BinaryKitten
bendoerr;tomhoover
htejun;kaber
EvanDotPro;sasezaki
pierredup;philips
abellgithub;hacst
chibicode;rslifka
marshallshen;jogjayr
RichardLitt;awkerney
AxelLin;olofj
gisikw;KeenRivals
fhemberger;howiehu
omo;tomhoover
parnmatt;xuhdev
spiffyjr;Bittarman
akrabat;kassah
neilbrown;olofj
torvalds;paulusmack
neilbrown;AdrianBunk
victordiaz;taseenb
rslifka;treyhunner
EvanDotPro;vragovR
mariogarcia;gitter;badger
studiomohawk;koomar
lzcabrera;fleeting
localheinz;diemuzi
pierredup;rsertelon
JoePerches;ozbenh
torvalds;lenb
ralfbaechle;ebiederm
fhemberger;kAworu
RadW2020;jkuchta
ozbenh;danvet
imathis;pilif
invalid;email;address;mhv745
plusjade;studiomohawk
subosito;kvannotten
fhemberger;dbloete
ralfbaechle;danvet
mariogarcia;pieces029
Arasthel;ravidsrk
parkr;treyhunner
ebiederm;rustyrussell
tiwai;paulusmack
marshallshen;koriroys
Hounddog;lrodziewicz
sasezaki;Xerkus
parnmatt;opie4624
gisikw;ndbroadbent
JuliaLawall;ickle
SMOKE5;xerpi
arndb;danvet
Ocramius;YonmaN
rwdaigle;floydpink
Ocramius;lsmith77
AxelLin;arndb
marshallshen;rsertelon
djoos;fleeting
JJ;jakemcc
vattay;lzcabrera
yous;Haacked
mhujer;sasezaki
rustyrussell;tmlind
torvalds;kaber
davem330;linvjw
bzolnier;danvet
jlblancoc;martijnvwezel
JuliaLawall;rustyrussell
EvanDotPro;localheinz
pierredup;lzcabrera
awkerney;jkuchta
akrabat;tawfekov
danielfone;kvannotten
fhemberger;jakemcc
RichardLitt;jkuchta
Xerkus;RWOverdijk
BinaryKitten;localheinz
yous;howiehu
Freeaqingme;Hounddog
jmberg;ralfbaechle
floydpink;jbrains
EvanDotPro;raprav
EvanDotPro;samsonasik
Hounddog;Xerkus
gregkh;JuliaLawall
parkr;jbrains
JJ;floydpink
ozbenh;ickle
gregkh;jmberg
chrismason;xx;danvet
Maks3w;Bittarman
Maks3w;coss
treyhunner;howiehu
mhujer;diemuzi
jmberg;AxelLin
rwdaigle;KeenRivals
rslifka;zlu
arndb;paulusmack
studiomohawk;awkerney
neilbrown;linvjw
imathis;howiehu
abellgithub;jetliao0909
lzcabrera;opie4624
jlblancoc;abellgithub
kAworu;yous
kAworu;lukearmstrong
Ocramius;coss
Maks3w;raprav
davem330;ebiederm
vyper;Haacked
pieces029;MrBIMC
Hounddog;diemuzi
floydpink;KeenRivals
djoos;koriroys
marshallshen;jcn
gisikw;dbloete
RadW2020;roman;yagodin
vattay;koomar
JJ;bendoerr
RadW2020;fleeting
lrodziewicz;RWOverdijk
rslifka;mikl
BinaryKitten;Hounddog
akrabat;Bittarman
raprav;RWOverdijk
ebiederm;olofj
Bittarman;localheinz
danielfone;koriroys
jmberg;rjwysocki
Maks3w;RWOverdijk
kvannotten;lzcabrera
LorenaSoriano;makyangosto
studiomohawk;techotaku
BinaryKitten;lrodziewicz
torvalds;broonie
ralfbaechle;ickle
JoePerches;herbertx
ebiederm;dwmw2
kAworu;vyper
germaaan;KeenRivals
alishutc;jcn
MiguelAngelLV;LasNiOjosAzules
JJ;howiehu
danielfone;nolith
neilbrown;rustyrussell
AdrianBunk;linvjw
gabriel403;mhujer
kAworu;duckpuppy
JJ;mikl
Darkhogg;floydpink
bendoerr;floydpink
koomar;roman;yagodin
fhemberger;lukearmstrong
EvanDotPro;diemuzi
marshallshen;djoos
Redheadcore;makyangosto
AlfonsoBosch;leowindwave
Maks3w;Freeaqingme
plusjade;koomar
gregkh;rjwysocki
djoos;opie4624
JJ;rslifka
studiomohawk;subosito
Ocramius;tawfekov
kAworu;ndbroadbent
roman;yagodin;jkuchta
RadW2020;rsertelon
gregkh;ozbenh
broonie;htejun
davem330;lenb
vragovR;diemuzi
neilbrown;chrismason;xx
Ocramius;juriansluiman
rslifka;Darkhogg
omo;floydpink
josejuansanchez;mg6maciej
tiwai;lenb
gabriel403;lrodziewicz
philips;jcn
PowerKiKi;RWOverdijk
mikl;duckpuppy
torvalds;chrismason;xx
awkerney;daz
weierophinney;vragovR
olea;gcambil
coss;lsmith77
AxelLin;rjwysocki
jalopezsuarez;segarci
davem330;dwmw2
marshallshen;nolith
torvalds;gregkh
davem330;ozbenh
rjwysocki;JuliaLawall
raprav;juriansluiman
davem330;JuliaLawall
mikl;rwdaigle
raprav;mhujer
sasezaki;diemuzi
kvannotten;parnmatt
mhujer;dlu;gs
rslifka;vyper
sasezaki;dmelo
dbloete;kAworu
germaaan;rwdaigle
vragovR;Hounddog
rslifka;duckpuppy
djoos;kvannotten
EvanDotPro;mhujer
raprav;PowerKiKi
htejun;herbertx
rslifka;bendoerr
coss;samsonasik
Bittarman;juriansluiman
EvanDotPro;lrodziewicz
plusjade;RadW2020
lzcabrera;nolith
Darkhogg;duckpuppy
yous;lukearmstrong
weierophinney;juriansluiman
mhujer;dmelo
htejun;neilbrown
lzcabrera;jkuchta
fhemberger;rslifka
bumxu;Waterflames
bzolnier;JoePerches
pierredup;jcn
treyhunner;jakemcc
fhemberger;JJ
AxelLin;ebiederm
dbloete;Haacked
Bittarman;PowerKiKi
gisikw;vyper
rwdaigle;howiehu
ozbenh;ebiederm
RadW2020;subosito
vyper;howiehu
rslifka;dbloete
MiguelAngelLV;mariaparraamat
ozbenh;lenb
tmlind;paulusmack
yous;jakemcc
vyper;floydpink
nolith;techotaku
kvannotten;jcn
philips;alishutc
marshallshen;daz
treyhunner;omo
kaber;JuliaLawall
broonie;kaber
pilif;howiehu
Maks3w;juriansluiman
ndbroadbent;KeenRivals
roman;yagodin;xuhdev
ozbenh;neilbrown
dexafree;intrications
herbertx;olofj
imathis;Darkhogg
Freeaqingme;samsonasik
imathis;yous
kAworu;treyhunner
dbloete;KeenRivals
htejun;AxelLin
arndb;chrismason;xx
fhemberger;Haacked
vyper;duckpuppy
spiffyjr;Hounddog
josmanual;cristobalmedinalopez
duckpuppy;treyhunner
fhemberger;omo
RadW2020;techotaku
floydpink;howiehu
BinaryKitten;PowerKiKi
dwmw2;paulusmack
Maks3w;dmelo
bzolnier;herbertx
imathis;floydpink
studiomohawk;nolith
jogjayr;alishutc
ickle;lenb
JoePerches;olofj
weierophinney;dmelo
pierredup;roman;yagodin
akrabat;mhujer
pilif;gisikw
dbloete;jakemcc
davem330;gregkh
rsertelon;fleeting
abellgithub;martijnvwezel
parnmatt;awkerney
subosito;alishutc
davem330;JoePerches
JuliaLawall;linvjw
ickle;chrismason;xx
vragovR;YonmaN
Ocramius;gabriel403
kaber;rustyrussell
pilif;rslifka
BinaryKitten;dmelo
Freeaqingme;vragovR
rslifka;lukearmstrong
JoePerches;ebiederm
pilif;duckpuppy
koomar;kvannotten
raprav;Xerkus
arndb;AdrianBunk
RadW2020;vattay
tiwai;kaber
arndb;kaber
spiffyjr;gabriel403
vyper;rwdaigle
Freeaqingme;Xerkus
zlu;omo
Bittarman;tawfekov
koomar;alishutc
plusjade;nolith
pilif;jbrains
BinaryKitten;lsmith77
chibicode;Haacked
RichardLitt;opie4624
JoePerches;lenb
jesustxk;itchigo
bakercp;jetliao0909
torvalds;jmberg
JoePerches;neilbrown
juriansluiman;lrodziewicz
pranjal;rai;bakercp
MATsxm;Bloggerschmidt
dvormagic;juanlubf
coding46;roman;yagodin
spiffyjr;juriansluiman
pilif;zlu
torvalds;dwmw2
danielfone;parnmatt
htejun;gregkh
mg6maciej;taseenb
koomar;xuhdev
pieces029;OrdonTeam
dwmw2;rustyrussell
pilif;jakemcc
mikl;jbrains
lgalarra;carcam
ralfbaechle;chrismason;xx
subosito;philips
jmberg;tmlind
studiomohawk;daz
fleeting;jcn
rjwysocki;paulusmack
EvanDotPro;tawfekov
Maks3w;BinaryKitten
gisikw;omo
arndb;rjwysocki
jesmg;jotaperamez
carcam;Bloggerschmidt
pilif;lukearmstrong
nolith;fleeting
imathis;jakemcc
vattay;coding46
gisikw;duckpuppy
RichardLitt;djoos
ickle;rustyrussell
jmberg;paulusmack
koomar;philips
marshallshen;pierredup
pilif;floydpink
marshallshen;awkerney
vattay;techotaku
zlu;KeenRivals
kaber;dwmw2
IvanJMembrilla;nectorosales
juriansluiman;RWOverdijk
linvjw;rustyrussell
bzolnier;AdrianBunk
gisikw;yous
parkr;chibicode
sasezaki;kassah
kAworu;Haacked
philips;xuhdev
awkerney;koriroys
RadW2020;kvannotten
weierophinney;raprav
olofj;chrismason;xx
kassah;dlu;gs
sasezaki;PowerKiKi
koomar;djoos
tawfekov;YonmaN
vyper;jakemcc
RichardLitt;coding46
weierophinney;kassah
yous;treyhunner
BinaryKitten;YonmaN
eugene;kamenev;newjing
plusjade;vattay
Ocramius;mhujer
chibicode;vyper
opie4624;jcn
zlu;yous
bzolnier;kaber
ualmtorres;imaguila
pranjal;rai;martijnvwezel
ralfbaechle;kaber
mhv745;invalid;email;address
subosito;fleeting
studiomohawk;jkuchta
dwmw2;olofj
fhemberger;vyper
lzcabrera;jogjayr
parkr;Darkhogg
eugene;kamenev;dexafree
duckpuppy;bendoerr
imathis;treyhunner
ebiederm;JuliaLawall
arndb;JuliaLawall
gregkh;AxelLin
tawfekov;lrodziewicz
Arasthel;OrdonTeam
Maks3w;localheinz
germaaan;omo
jucles;IvanJMembrilla
gabriel403;kassah
diemuzi;YonmaN
kAworu;Darkhogg
plusjade;kvannotten
jogjayr;philips
davem330;chrismason;xx
dexafree;OrdonTeam
ualjjcanada;amb690
yous;Darkhogg
lsmith77;mhujer
torvalds;neilbrown
parkr;mikl
kaber;paulusmack
pierredup;koriroys
Darkhogg;treyhunner
djoos;techotaku
JJ;zlu
gisikw;jakemcc
vattay;parnmatt
fhemberger;zlu
danielfone;coding46
coss;mhujer
djoos;roman;yagodin
chibicode;mikl
louri91;danielvb94
JJ;gisikw
zlu;tomhoover
weierophinney;diemuzi
jkuchta;jcn
neilbrown;JuliaLawall
JoePerches;dwmw2
plusjade;koriroys
pilif;dbloete
dbloete;jbrains
duckpuppy;rwdaigle
ralfbaechle;tmlind
germaaan;yous
rslifka;floydpink
germaaan;howiehu
parnmatt;techotaku
dlu;gs;RWOverdijk
lukearmstrong;ndbroadbent
gitter;badger;newjing
jmberg;AdrianBunk
gabriel403;lsmith77
RichardLitt;danielfone
danielfone;opie4624
lsmith77;Hounddog
carcam;MATsxm
herbertx;dwmw2
rwdaigle;treyhunner
plusjade;jkuchta
dlu;gs;lrodziewicz
subosito;jogjayr
kvannotten;xuhdev
ualmtorres;leowindwave
JJ;pilif
herbertx;danvet
fhemberger;mikl
torvalds;herbertx
lukearmstrong;rwdaigle
subosito;techotaku
parnmatt;roman;yagodin
rjwysocki;AdrianBunk
rjwysocki;chrismason;xx
mhujer;YonmaN
germaaan;duckpuppy
gisikw;jbrains
studiomohawk;lzcabrera
tiwai;rustyrussell
dlu;gs;samsonasik
amb690;juanlubf
kAworu;KeenRivals
davem330;olofj
germaaan;jbrains
roman;yagodin;philips
dmelo;samsonasik
omo;bendoerr
techotaku;jkuchta
raprav;dlu;gs
Maks3w;gabriel403
ralfbaechle;herbertx
gregkh;bzolnier
ozbenh;linvjw
fhemberger;chibicode
RichardLitt;nolith
nolith;xuhdev
RadW2020;opie4624
amb690;dvormagic
neilbrown;danvet
lsmith77;lrodziewicz
danielfone;fleeting
Arasthel;pieces029
gregkh;danvet
broonie;olofj
gabriel403;diemuzi
plusjade;lzcabrera
marshallshen;techotaku
BinaryKitten;mhujer
pranjal;rai;abellgithub
vragovR;dmelo
bendoerr;jakemcc
lsmith77;sasezaki
sasezaki;YonmaN
nolith;jcn
parkr;Haacked
parkr;germaaan
juriansluiman;tawfekov
vicente;gonzalez;ruiz;prudhvid
studiomohawk;jogjayr
dbloete;ndbroadbent
gregkh;arndb
duckpuppy;KeenRivals
gisikw;howiehu
olofj;tmlind
spiffyjr;localheinz
danielfone;alishutc
plusjade;coding46
chibicode;rwdaigle
vyper;treyhunner
bendoerr;KeenRivals
EvanDotPro;Bittarman
EvanDotPro;lsmith77
awkerney;jcn
koomar;coding46
gisikw;Haacked
tomhoover;floydpink
ralfbaechle;arndb
xuhdev;techotaku
coss;Xerkus
vyper;tomhoover
dbloete;vyper
BinaryKitten;tawfekov
JoePerches;JuliaLawall
broonie;AxelLin
dbloete;lukearmstrong
germaaan;bendoerr
kassah;lrodziewicz
BinaryKitten;samsonasik
lsmith77;Xerkus
subosito;awkerney
notnilk;mariaparraamat
pilif;bendoerr
ralfbaechle;rjwysocki
opie4624;koriroys
htejun;tmlind
dbloete;yous
Bittarman;RWOverdijk
gisikw;tomhoover
chrismason;xx;tmlind
dbloete;mikl
kaber;ozbenh
fhemberger;Darkhogg
Arasthel;newjing
roman;yagodin;nolith
kaber;lenb
tiwai;chrismason;xx
nolith;koriroys
davem330;arndb
mikl;tomhoover
coding46;techotaku
pierredup;fleeting
danielfone;jcn
studiomohawk;pierredup
Freeaqingme;juriansluiman
germaaan;gisikw
victordiaz;mg6maciej
lenb;tmlind
gregkh;kaber
localheinz;samsonasik
vattay;philips
coding46;philips
akrabat;sasezaki
pierredup;danielfone
tiwai;ralfbaechle
jmberg;danvet
kaber;rjwysocki
linvjw;paulusmack
joaquingarcia85;joshaber
kvannotten;opie4624
ualjjcanada;IreneMart
pilif;Haacked
coding46;jogjayr
imathis;vyper
spiffyjr;diemuzi
ozbenh;olofj
plusjade;techotaku
spiffyjr;mhujer
fhemberger;gisikw
yous;floydpink
roman;yagodin;koriroys
gregkh;rustyrussell
djoos;rsertelon
plusjade;subosito
Bittarman;YonmaN
chrismason;xx;rustyrussell
gabriel403;Hounddog
juriansluiman;coss
Freeaqingme;tawfekov
eugene;kamenev;mariogarcia
jetliao0909;martijnvwezel
Hounddog;PowerKiKi
arndb;herbertx
josejuansanchez;taseenb
sasezaki;samsonasik
ozbenh;chrismason;xx
rwdaigle;Haacked
parkr;pilif
bzolnier;JuliaLawall
fhemberger;floydpink
victordiaz;josejuansanchez
gregkh;neilbrown
Freeaqingme;RWOverdijk
jogjayr;techotaku
Arasthel;mariogarcia
coding46;daz
zlu;kAworu
miviclin;jghinestrosa
valgreens;rcabamo
RadW2020;djoos
dlu;gs;dmelo
weierophinney;Maks3w
jlblancoc;hacst
davem330;tmlind
torvalds;ickle
jmberg;herbertx
mikl;omo
juriansluiman;dlu;gs
coding46;xuhdev
rjwysocki;linvjw
diemuzi;samsonasik
bzolnier;neilbrown
germaaan;pilif
daz;jcn
jmberg;lenb
PowerKiKi;diemuzi
roman;yagodin;fleeting
jogjayr;fleeting
broonie;ickle
RichardLitt;subosito
RadW2020;alishutc
jogjayr;xuhdev
kaber;AdrianBunk
rsertelon;jogjayr
torvalds;rjwysocki
pilif;treyhunner
AxelLin;ickle
amb690;dcompan
Xerkus;tawfekov
germaaan;mikl
AdrianBunk;rustyrussell
bzolnier;rustyrussell
jmberg;rustyrussell
torvalds;ebiederm
germaaan;tomhoover
chibicode;bendoerr
EvanDotPro;YonmaN
JJ;Haacked
pilif;yous
kAworu;jbrains
chibicode;Darkhogg
yous;ndbroadbent
Hounddog;kassah
dwmw2;linvjw
broonie;rustyrussell
jmberg;ozbenh
nolith;daz
studiomohawk;djoos
dbloete;floydpink
neilbrown;ickle
ebiederm;herbertx
tiwai;herbertx
pierredup;awkerney
marshallshen;roman;yagodin
ndbroadbent;jbrains
dvormagic;jpc537
torvalds;danvet
bzolnier;lenb
coss;dmelo
EvanDotPro;RWOverdijk
RadW2020;koomar
invalid;email;address;jruizp82
raprav;dmelo
BinaryKitten;Xerkus
MiguelAngelLV;AntonioMR
danielfone;daz
Freeaqingme;gabriel403
akrabat;gabriel403
kAworu;tomhoover
lukearmstrong;floydpink
Maks3w;Hounddog
weierophinney;Hounddog
EvanDotPro;Freeaqingme
Hounddog;dlu;gs
bzolnier;chrismason;xx
weierophinney;tawfekov
rwdaigle;bendoerr
torvalds;JoePerches
Haacked;jbrains
tawfekov;samsonasik
parkr;ndbroadbent
bzolnier;rjwysocki
broonie;JoePerches
olofj;lenb
bzolnier;ozbenh
Freeaqingme;diemuzi
JoePerches;rustyrussell
zlu;rwdaigle
yous;vyper
Bittarman;Hounddog
Freeaqingme;BinaryKitten
Darkhogg;KeenRivals
spiffyjr;lsmith77
gabriel403;dlu;gs
Maks3w;mhujer
kassah;diemuzi
danielfone;djoos
juriansluiman;sasezaki
bzolnier;linvjw
Ocramius;Hounddog
gabriel403;RWOverdijk
lsmith77;samsonasik
mikl;bendoerr
JJ;omo
imathis;rslifka
ebiederm;AdrianBunk
vragovR;juriansluiman
Ocramius;samsonasik
lzcabrera;xuhdev
weierophinney;lrodziewicz
fhemberger;bendoerr
germaaan;vyper
studiomohawk;coding46
AxelLin;ozbenh
jmberg;olofj
cristobalmedinalopez;prudhvid
BinaryKitten;dlu;gs
rslifka;ndbroadbent
coss;tawfekov
Maks3w;YonmaN
JoePerches;tmlind
lsmith77;PowerKiKi
ralfbaechle;AdrianBunk
awkerney;xuhdev
PowerKiKi;YonmaN
tiwai;AdrianBunk
vicente;gonzalez;ruiz;cristobalmedinalopez
broonie;JuliaLawall
kassah;YonmaN
kvannotten;fleeting
gisikw;bendoerr
zlu;howiehu
subosito;coding46
fhemberger;duckpuppy
localheinz;PowerKiKi
bzolnier;ebiederm
coding46;rsertelon
pierredup;daz
juriansluiman;lsmith77
Darkhogg;omo
subosito;roman;yagodin
Funo;avm042
bzolnier;ralfbaechle
treyhunner;jbrains
leowindwave;ualluisiribarne
weierophinney;spiffyjr
akrabat;coss
dbloete;howiehu
akrabat;dmelo
rjwysocki;rustyrussell
djoos;jkuchta
RadW2020;jldam
gisikw;rwdaigle
hacst;martijnvwezel
coding46;parnmatt
spiffyjr;dlu;gs
raprav;vragovR
Hounddog;tawfekov
akrabat;Ocramius
chibicode;floydpink
samsonasik;lrodziewicz
parkr;lukearmstrong
coss;RWOverdijk
subosito;parnmatt
bzolnier;arndb
coss;diemuzi
bakercp;martijnvwezel
vencejo;nowearuser
dbloete;bendoerr
dwmw2;tmlind
josmanual;leowindwave
Hounddog;YonmaN
marshallshen;koomar
MrBIMC;newjing
akrabat;Hounddog
JJ;treyhunner
chibicode;pilif
ickle;dwmw2
xuhdev;koriroys
davem330;htejun
bakercp;hacst
dexafree;MrBIMC
philips;daz
lenb;paulusmack
kvannotten;alishutc
kaber;herbertx
notnilk;Gafeju
vattay;pierredup
djoos;coding46
imathis;Haacked
fhemberger;rwdaigle
gabriel403;coss
gabriel403;tawfekov
arndb;ickle
gabriel403;Bittarman
gregkh;paulusmack
vragovR;samsonasik
vyper;jbrains
Ocramius;PowerKiKi
gabriel403;BinaryKitten
nolith;awkerney
tiwai;htejun
coss;PowerKiKi
BinaryKitten;diemuzi
vattay;kvannotten
Xerkus;samsonasik
juriansluiman;mhujer
xuhdev;jcn
lzcabrera;techotaku
vattay;roman;yagodin
tiwai;davem330
Maks3w;dlu;gs
akrabat;diemuzi
juriansluiman;diemuzi
tiwai;gregkh
plusjade;parnmatt
herbertx;chrismason;xx
tawfekov;kassah
zlu;treyhunner
howiehu;jbrains
Maks3w;PowerKiKi
ralfbaechle;AxelLin
studiomohawk;alishutc
spiffyjr;RWOverdijk
spiffyjr;lrodziewicz
Hounddog;dmelo
mhujer;RWOverdijk
bzolnier;olofj
marshallshen;alishutc
frangarcj;173210
arndb;ozbenh
broonie;herbertx
fhemberger;parkr
MiguelAngelLV;Gafeju
chibicode;lukearmstrong
Xerkus;dmelo
danielfone;rsertelon
howiehu;KeenRivals
vragovR;localheinz
tawfekov;dmelo
JoePerches;paulusmack
Arasthel;gitter;badger
philips;techotaku
pilif;KeenRivals
Darkhogg;vyper
rslifka;yous
tawfekov;RWOverdijk
ickle;AdrianBunk
roman;yagodin;awkerney
YonmaN;RWOverdijk
vyper;mikl
juriansluiman;BinaryKitten
rsertelon;roman;yagodin
vragovR;RWOverdijk
Haacked;omo
rslifka;jbrains
Ocramius;Xerkus
tiwai;bzolnier
ozbenh;rustyrussell
broonie;danvet
rjwysocki;ickle
lsmith77;RWOverdijk
marshallshen;opie4624
htejun;ebiederm
imathis;JJ
jmberg;chrismason;xx
JJ;KeenRivals
chibicode;howiehu
JJ;kAworu
philips;nolith
pierredup;opie4624
torvalds;htejun
philips;koriroys
daz;jkuchta
weierophinney;coss
dmelo;localheinz
kaber;ickle
mhujer;localheinz
philips;opie4624
gregkh;ickle
koomar;rsertelon
JoePerches;rjwysocki
pilif;mikl
EvanDotPro;spiffyjr
AdrianBunk;dwmw2
kAworu;floydpink
dbloete;Darkhogg
parkr;howiehu
dexafree;pieces029
pierredup;koomar
1000io;renzo38
djoos;xuhdev
Argelim;ruzourss
ualmtorres;ualjjcanada
ualmtorres;ualluisiribarne
germaaan;JJ
JuanjoSalvador;jotaperamez
Arasthel;dexafree
antoniovm;jghinestrosa
