julienr;lool
bobwilliams;t413
pawel-wiejacha;ewtoombs
loverajoel;drakmail
zenopopovici;gromgit
FRIGN;radare
ookull;piotrdrag
thcipriani;mfaerevaag
esjeon;CustaiCo
ickle;davidben
geoffgarside;svnlto
thanostx;MiloCasagrande
bazzargh;mpsuzuki
michaelforney;MihailZenkov
ironbishop;mateunho
apjanke;henryyan
nmrony;mebjas
darul75;zackhall
yarons;cosimoc
hiberis;atriwidada
amade;javaguirre
kelemeng;gforcada
i32ropie;mathieuzen
mtrmac;gforcada
ahartmetz;ec1oud
mimico;crayxt
sjfkai;microlv
aurisc4;pranavk
JakeRawr;mebjas
sengels;mpsuzuki
kelemeng;pranavk
Athas;javaguirre
allanday;Marv-CZ
mvedie;nainslie
jhogoforbroke;drakmail
betawaffle;curiousstranger
gromgit;zhangpenglin
AlbertoFuente;zackhall
nilamdyuti;jimmac
afranke;dooteo
KennethNielsen;thanostx
microlv;SarjuHansaliya
tvainika;hadess
bobwilliams;henryyan
esanchezm;fernandesn
mimico;andrejz
sjfkai;pklinger
jmatth;lckarssen
amade;jfhg
michaelforney;kaihendry
Joedalton2;dmustieles
amade;egmontkob
esjeon;michaelforney
Wylmer;fernandesn
robbyrussell;mfaerevaag
hadess;kelemeng
fernandesn;KennethNielsen
changwoo;wbolster
kelemeng;piotrdrag
aaptel;bhendrickson
pesder;annoab
nilamdyuti;kelemeng
garnacho;pclouds
garnacho;piotrdrag
oknowton;mfaerevaag
loverajoel;octopitus
ymyasoedov;kelemeng
javiermadueno;jdexpositocanete
neighborhood999;madmantalking
javaguirre;andrewantle
tah;ecatmur
tevko;mvedie
reavertm;ecatmur
sonnyt;hingsir
changwoo;gforcada
yarons;jmatsuzawa
esjeon;jfhg
ymyasoedov;urbalazs
ymyasoedov;pesder
aurisc4;cgwalters
yoseforb;crayxt
jrmuizel;Klowner
geowe;i62lotor
mcornella;mekanics
ymyasoedov;khaledhosny
kjk;ickle
cosimoc;dmustieles
schachmat;radare
hiberis;hadess
fred-o;Stibbons
fernandesn;thanostx
pesder;gforcada
pbor;aurisc4
khaledhosny;gcampax
vlaadbrain;cls
prescott66;urbalazs
dnoway;annoab
oknowton;mbologna
garnacho;wbolster
medgar123;bhendrickson
ickle;kou
eslammostafa;thanostx
ericpruitt;MihailZenkov
zackhall;SarjuHansaliya
Joedalton2;mateunho
hiberis;briancameron
imajes;Stibbons
bazzargh;ahartmetz
frandieguez;jbicha
piotrdrag;jbicha
schachmat;amade
MihailZenkov;ypsu
betawaffle;caarlos0
madmantalking;zhangpenglin
To1ne;ncanceill
jhogoforbroke;hingsir
javaguirre;CustaiCo
zhangpenglin;hingsir
pesder;cosimoc
MihailZenkov;kaihendry
cosimoc;urbalazs
jhogoforbroke;zackhall
Wylmer;annoab
hiberis;nma-2009
MihailZenkov;jgmp
william8000;ecatmur
To1ne;imajes
i72algaf;i52algai
loverajoel;zhangpenglin
jhogoforbroke;SarjuHansaliya
AlbertoFuente;JakeRawr
k0gaMSX;ericpruitt
To1ne;henryyan
tvainika;andrejz
jhogoforbroke;0xmtn
yeager;piotrdrag
k0gaMSX;michaelforney
ymyasoedov;prescott66
t413;sorin-ionescu
FRIGN;jfhg
pbor;pclouds
bradh;reavertm
Athas;andrewantle
ElectronicRU;MihailZenkov
cosimoc;Marv-CZ
vlyalcin;ymyasoedov
tvainika;wbolster
robbyrussell;bobwilliams
kittykat;kelemeng
Stibbons;svnlto
jrmuizel;ickle
fred-o;steeef
yarons;andrejz
hiberis;kou
crayxt;KennethNielsen
pbor;alexanthony
Wylmer;frandieguez
robbyrussell;thcipriani
inigomartinez;pawel-wiejacha
prescott66;afranke
davidben;ahartmetz
nmrony;SarjuHansaliya
kelemeng;dariovillar
dmustieles;mateunho
kelemeng;claudep
dariovillar;thanostx
booxter;prescott66
mcornella;LFDM
khaledhosny;alexanthony
microlv;nainslie
diblex;Paco1994
bradh;ickle
dokrasa;kaihendry
gromgit;mebjas
yarons;kelemeng
aaptel;javaguirre
sjfkai;madmantalking
schachmat;brandoninvergo
atriwidada;crayxt
atriwidada;nma-2009
eslammostafa;nilamdyuti
0xmtn;drakmail
Marv-CZ;pmkovar
colona;ElectronicRU
allanday;cosimoc
kelemeng;mateunho
aes;esjeon
vlaadbrain;sr
ncanceill;oknowton
mbologna;mrtazz
takeshi-aihana;KennethNielsen
luciang;mateunho
vlaadbrain;pooya
imajes;betawaffle
LFDM;bobwilliams
spametki;reingart
rafaeling;AGM-GR
ewtoombs;Klowner
esjeon;brandoninvergo
agonrex;kaihendry
jmatth;imajes
mcornella;oknowton
frandieguez;takeshi-aihana
frandieguez;alexanthony
kelemeng;mimico
frandieguez;jimmac
mcornella;mfaerevaag
Wylmer;vlyalcin
kjk;sengels
ecatmur;kou
gonyere;pesder
kelemeng;atriwidada
neighborhood999;AlbertoFuente
gforcada;hadess
ickle;ewtoombs
urmatej;frandieguez
kjk;yselkowitz
loverajoel;nmrony
piotrdrag;pranavk
LFDM;curiousstranger
SarjuHansaliya;tevko
gonyere;pclouds
zwansch;agonrex
dankor;dooteo
pklinger;drakmail
ElectronicRU;farhaven
sengels;reavertm
sengels;bazzargh
robbyrussell;caarlos0
reavertm;yselkowitz
ymyasoedov;pranavk
ahartmetz;net147
fred-o;To1ne
yeager;yarons
yoseforb;booxter
mtrmac;wbolster
mimico;piotrdrag
urmatej;cgwalters
mtrmac;garnacho
mbouzada;thanostx
bobwilliams;svnlto
bradh;net147
fred-o;thcipriani
reingart;GerardoAllende
reavertm;briancameron
danigm;luciang
bladecoder;Arcnor
radare;ypsu
dmustieles;cosimoc
jmatth;mekanics
loverajoel;darul75
schachmat;javaguirre
ymyasoedov;dooteo
ncanceill;ptillemans
khaledhosny;booxter
mbologna;svnlto
jmatth;oknowton
darul75;tevko
ElectronicRU;ypsu
garbeam;aes
dooteo;pranavk
urmatej;ookull
mbologna;t413
allanday;alexanthony
eslammostafa;Marv-CZ
soyjavi;LuqueDaniel
dariovillar;KennethNielsen
seiflotfy;alexanthony
tsdgeos;hiberis
garbeam;anydot
tsdgeos;reavertm
khaledhosny;Marv-CZ
tsdgeos;yselkowitz
kelemeng;crayxt
Marv-CZ;kelemeng
mebjas;zhangpenglin
cjbarroso;walteralini
k0gaMSX;agonrex
richzw;mvedie
emilioramirez;walteralini
gforcada;nma-2009
danigm;dmustieles
betawaffle;Stibbons
moimael;pclouds
ptillemans;Stibbons
afranke;ymyasoedov
bobwilliams;imajes
khaledhosny;nma-2009
pclouds;piotrdrag
sengels;kou
danigm;KennethNielsen
jwilk;ecatmur
Wylmer;thanostx
annoab;afranke
sonnyt;octopitus
FRIGN;vlaadbrain
jhogoforbroke;kurtextrem
ElectronicRU;agonrex
0xmtn;kurtextrem
michaelforney;jgmp
schachmat;hiltjo
ptillemans;t413
drakmail;hingsir
yeager;esanchezm
rafaeling;pingeniero
svnlto;t413
julienr;net147
imajes;psprint
cls;zwansch
sonnyt;zackhall
julienr;ickle
lbertalot;pabloantonelli
kjk;tillkamppeter
sonnyt;nainslie
adrianjohnson;william8000
jrmuizel;bradh
hakanensari;sorin-ionescu
dmustieles;fernandesn
danigm;dariovillar
khaledhosny;cgwalters
ElectronicRU;bhendrickson
dmustieles;MiloCasagrande
ElectronicRU;brandoninvergo
hadess;crayxt
danigm;yeager
kurtextrem;microlv
nmrony;drakmail
kurtextrem;drakmail
mbologna;sorin-ionescu
pclouds;pesder
afranke;jbicha
inigomartinez;kjk
yarons;garnacho
zwansch;aes
atriwidada;cosimoc
amade;kaihendry
bhendrickson;farhaven
Trifido;pingeniero
adrianjohnson;yselkowitz
net147;ec1oud
michaelforney;vlaadbrain
k0gaMSX;schachmat
mbologna;steeef
sonnyt;gromgit
curiousstranger;lckarssen
annoab;jaliste
booxter;alexanthony
annoab;frandieguez
MiloCasagrande;jbicha
seiflotfy;IMFTC
gforcada;KennethNielsen
pbor;nilamdyuti
dnoway;vagrale13
moimael;urmatej
wbolster;jaliste
dariovillar;vagrale13
jwilk;ahartmetz
yoseforb;prescott66
kittykat;dankor
michaelforney;javaguirre
loverajoel;mvedie
schachmat;egmontkob
aes;farhaven
ecatmur;ahartmetz
madmantalking;tevko
k0gaMSX;radare
robbyrussell;psprint
betawaffle;lckarssen
inigomartinez;net147
medgar123;vlaadbrain
tillkamppeter;ewtoombs
agonrex;dokrasa
dmustieles;wbolster
nmrony;mvedie
seiflotfy;jbicha
svnlto;mrtazz
kittykat;pesder
bradh;adrianjohnson
nilamdyuti;dooteo
sjfkai;SarjuHansaliya
moimael;allanday
IMFTC;nilamdyuti
IMFTC;pesder
ecatmur;kovidgoyal
adrianjohnson;tah
apjanke;mfaerevaag
annoab;garnacho
sengels;julienr
imajes;lckarssen
MiloCasagrande;cosimoc
julienr;Klowner
mekanics;mfaerevaag
ookull;annoab
garbeam;esjeon
Syrenne;rafaeling
danigm;annoab
kelemeng;changwoo
atriwidada;takeshi-aihana
tah;Klowner
0xmtn;da-vaibhav
ncanceill;mbologna
LFDM;henryyan
hadess;yarons
sonnyt;mebjas
Marv-CZ;cgwalters
zwansch;esjeon
darul75;octopitus
lool;Klowner
LFDM;steeef
sjfkai;hingsir
urmatej;piotrdrag
prescott66;kelemeng
seiflotfy;atriwidada
k0gaMSX;vlaadbrain
annoab;andrejz
pesder;KennethNielsen
FRIGN;farhaven
changwoo;hadess
medgar123;ypsu
mekanics;psprint
bradh;tah
curiousstranger;thcipriani
atriwidada;jaliste
dnoway;thanostx
crayxt;pclouds
jhogoforbroke;darul75
nilamdyuti;alexanthony
jmherruzo;rcarmonas
vlaadbrain;dokrasa
yarons;booxter
piotrdrag;yoseforb
urbalazs;pclouds
dankor;pclouds
geoffgarside;thcipriani
JakeRawr;Morklympious
julienr;mpsuzuki
psprint;Stibbons
prescott66;khaledhosny
bradh;briancameron
seanpat09;Morklympious
pklinger;nainslie
cls;anydot
thcipriani;Stibbons
microlv;hingsir
julienr;kovidgoyal
Morklympious;tevko
CustaiCo;kaihendry
zwansch;ericpruitt
agonrex;egmontkob
ncanceill;svnlto
mtrmac;claudep
ypsu;CustaiCo
kurtextrem;JakeRawr
mekanics;henryyan
kelemeng;tvainika
mimico;pclouds
allanday;yarons
bpeel;terceiro
urmatej;dnoway
fred-o;jmatth
zwansch;jgmp
JakeRawr;SarjuHansaliya
geoffgarside;sorin-ionescu
zackhall;da-vaibhav
LFDM;Stibbons
medgar123;jgmp
imajes;hakanensari
ElectronicRU;CustaiCo
tutuca;j0hn
mimico;changwoo
Stibbons;sorin-ionescu
robbyrussell;mrtazz
tevko;da-vaibhav
eslammostafa;pesder
william8000;net147
sjfkai;zackhall
jrmuizel;william8000
william8000;ewtoombs
k0gaMSX;egmontkob
brandoninvergo;agonrex
tah;briancameron
dankor;prescott66
apjanke;ptillemans
seiflotfy;pclouds
cls;javaguirre
ookull;gforcada
loverajoel;microlv
brandoninvergo;kaihendry
LFDM;ptillemans
urmatej;pmkovar
ncanceill;t413
seiflotfy;gonyere
AlbertoFuente;zhangpenglin
frandieguez;gonyere
pabloantonelli;juncosivan
pclouds;atriwidada
eslammostafa;dmustieles
colona;kaihendry
agonrex;jgmp
crayxt;atriwidada
seanpat09;SarjuHansaliya
LFDM;mfaerevaag
sjfkai;octopitus
FRIGN;javaguirre
hakanensari;svnlto
sorin-ionescu;lckarssen
dmustieles;dnoway
zhangpenglin;mvedie
sgomez;jamarboledas
danigm;javaguirre
Athas;sr
cosimoc;jimmac
dmustieles;claudep
hakanensari;steeef
esjeon;amade
tvainika;gforcada
dnoway;mateunho
SarjuHansaliya;hingsir
javierburongarcia;joshaber
jjmarin;nma-2009
zackhall;hingsir
hiltjo;michaelforney
loverajoel;kurtextrem
kurtextrem;nmrony
curiousstranger;psprint
allanday;khaledhosny
bobwilliams;caarlos0
tah;lool
khaledhosny;annoab
microlv;zhangpenglin
zwansch;jezze
jezze;sr
ElectronicRU;sr
piotrdrag;claudep
jotive;diegoferbarrios
gromgit;nainslie
colona;bhendrickson
dariovillar;ymyasoedov
thcipriani;lckarssen
michaelforney;jfhg
mateunho;mbouzada
garbeam;hiltjo
mfaerevaag;t413
bradh;jwilk
madmantalking;seanpat09
urbalazs;cgwalters
robbyrussell;hakanensari
sonnyt;pklinger
bazzargh;pawel-wiejacha
kittykat;atriwidada
aes;bhendrickson
seiflotfy;moimael
mbouzada;vagrale13
dmustieles;alexanthony
apjanke;mrtazz
yoseforb;thanostx
jmatth;mbologna
ookull;changwoo
kelemeng;yeager
jhogoforbroke;Morklympious
aes;jfhg
davidben;briancameron
kelemeng;mtrmac
aurisc4;urmatej
Athas;vlaadbrain
seanpat09;zackhall
amade;agonrex
mpsuzuki;ewtoombs
zwansch;farhaven
frandieguez;jjmarin
booxter;kelemeng
octopitus;tevko
dokrasa;egmontkob
richzw;hingsir
fernandesn;pmkovar
esanchezm;thanostx
danigm;egc-profe
zhangpenglin;nainslie
brandoninvergo;javaguirre
medgar123;jfhg
moimael;dankor
reavertm;net147
aurisc4;dooteo
tsdgeos;ec1oud
yoseforb;afranke
eslammostafa;gcampax
Joedalton2;dnoway
ElectronicRU;FRIGN
hakanensari;t413
Gottox;ElectronicRU
medgar123;egmontkob
william8000;jwilk
dariovillar;fernandesn
sigdeletras;Indavelopers
svnlto;sorin-ionescu
nmrony;JakeRawr
benarito;jsteinhart
AlbertoFuente;richzw
ookull;takeshi-aihana
robbyrussell;svnlto
davidben;tillkamppeter
mbouzada;vlyalcin
apjanke;bobwilliams
piotrdrag;crayxt
thcipriani;mrtazz
radare;MihailZenkov
arauzo;i52algai
k0gaMSX;colona
zenopopovici;richzw
caarlos0;mrtazz
gentooza;prointegra
dmustieles;allanday
yarons;changwoo
aaptel;medgar123
KennethNielsen;mbouzada
medgar123;ElectronicRU
pbor;MiloCasagrande
robbyrussell;henryyan
richzw;da-vaibhav
davidben;net147
tah;yselkowitz
michaelforney;agonrex
yoseforb;nilamdyuti
robbyrussell;steeef
gonyere;jbicha
sonnyt;tevko
bpeel;ylatuya
pooya;sr
colona;ypsu
danigm;dnoway
k0gaMSX;jgmp
yoseforb;jmatsuzawa
prescott66;pclouds
kjk;bazzargh
gromgit;JakeRawr
garnacho;KennethNielsen
annoab;vagrale13
cosimoc;kittykat
bhendrickson;vlaadbrain
mateunho;ymyasoedov
piotrdrag;urbalazs
mcornella;Stibbons
hiberis;takeshi-aihana
frandieguez;cosimoc
mimico;ookull
Morklympious;zhangpenglin
mekanics;curiousstranger
dnoway;mbouzada
kittykat;pclouds
yarons;takeshi-aihana
frandieguez;jmatsuzawa
jmherruzo;acuberof
jrmuizel;davidben
ookull;nma-2009
madmantalking;zackhall
pbor;urmatej
tsdgeos;ickle
nilamdyuti;cosimoc
darius;skrr
vlaadbrain;CustaiCo
ncanceill;henryyan
k0gaMSX;bhendrickson
darul75;madmantalking
emilioramirez;j0hn
garnacho;takeshi-aihana
colona;agonrex
mcornella;jmatth
javaguirre;kaihendry
davidben;tah
inigomartinez;tah
hiberis;yeager
ymyasoedov;thanostx
dmustieles;garnacho
kelemeng;dooteo
egmontkob;jgmp
zenopopovici;octopitus
sengels;yselkowitz
afranke;crayxt
mbologna;henryyan
bazzargh;kou
Wylmer;dariovillar
KennethNielsen;mateunho
IMFTC;ymyasoedov
pclouds;alexanthony
Marv-CZ;ironbishop
seanpat09;mvedie
piotrdrag;cgwalters
cgwalters;jimmac
imajes;henryyan
pklinger;zackhall
seiflotfy;frandieguez
tsdgeos;jwilk
ElectronicRU;hiltjo
moimael;MiloCasagrande
thanostx;prescott66
yeager;tvainika
0xmtn;nainslie
tvainika;pclouds
khaledhosny;KennethNielsen
kjk;ecatmur
jmatth;caarlos0
apjanke;sorin-ionescu
pawel-wiejacha;ec1oud
crayxt;nma-2009
yeager;luciang
neighborhood999;gromgit
michaelforney;amade
tvainika;garnacho
fernandesn;annoab
jmatth;bobwilliams
sergiogomez;martincabrera
julienr;davidben
pawel-wiejacha;ecatmur
schachmat;ypsu
imajes;sorin-ionescu
esjeon;jgmp
colona;javaguirre
fred-o;bobwilliams
yoseforb;pclouds
Marv-CZ;pranavk
pawel-wiejacha;lool
hiberis;davidben
sjfkai;tevko
moimael;ymyasoedov
zackhall;Morklympious
madmantalking;Morklympious
radare;brandoninvergo
gonyere;alexanthony
pclouds;andrejz
ncanceill;lckarssen
esjeon;farhaven
mtrmac;frandieguez
DavidMorenoDWeb;jesuschicano
zackhall;zhangpenglin
henryyan;t413
bobwilliams;Stibbons
jrmuizel;tillkamppeter
dmustieles;pranavk
Jeff-Mott-OR;Caes95
crayxt;urbalazs
pawel-wiejacha;jwilk
radare;amade
neighborhood999;mebjas
LuqueDaniel;foolbar
mtrmac;annoab
hakanensari;psprint
octopitus;SarjuHansaliya
loverajoel;AlbertoFuente
ewtoombs;lool
thanostx;pesder
hiberis;tah
esjeon;egmontkob
IMFTC;piotrdrag
ncanceill;imajes
bitdeli-chef;vcavallo
davidben;bazzargh
julienr;william8000
aaptel;ericpruitt
yeager;takeshi-aihana
jaliste;piotrdrag
urmatej;dmustieles
fred-o;betawaffle
richzw;JakeRawr
mpsuzuki;net147
IMFTC;allanday
0xmtn;madmantalking
neighborhood999;0xmtn
mekanics;svnlto
ickle;ahartmetz
mimico;pesder
pbor;ymyasoedov
zwansch;dokrasa
pklinger;da-vaibhav
pesder;jmatsuzawa
mekanics;Stibbons
tillkamppeter;Klowner
hiberis;kjk
inigomartinez;lool
dokrasa;farhaven
afranke;alexanthony
mateunho;vlyalcin
SarjuHansaliya;mvedie
jrmuizel;yselkowitz
hadess;afranke
mtrmac;khaledhosny
yarons;prescott66
piotrdrag;jmatsuzawa
mebjas;nainslie
ickle;briancameron
tvainika;KennethNielsen
madmantalking;nainslie
cosimoc;hadess
julienr;bazzargh
neighborhood999;da-vaibhav
Gottox;jezze
takeshi-aihana;claudep
apjanke;ncanceill
jezze;pooya
julienr;jwilk
mtrmac;piotrdrag
jrmuizel;inigomartinez
robbyrussell;apjanke
yeager;wbolster
darul75;Morklympious
moimael;thanostx
mazetuski;oschertar
0xmtn;SarjuHansaliya
neighborhood999;pklinger
eslammostafa;cosimoc
sjfkai;jhogoforbroke
psprint;mrtazz
jaliste;KennethNielsen
mebjas;da-vaibhav
davidben;pawel-wiejacha
mcornella;svnlto
garbeam;jgmp
ElectronicRU;aes
thanostx;vagrale13
brandoninvergo;jgmp
0xmtn;octopitus
dmustieles;moimael
booxter;jimmac
betawaffle;t413
darul75;microlv
tsdgeos;julienr
seanpat09;octopitus
reavertm;ewtoombs
allanday;atriwidada
hadess;booxter
imajes;mekanics
bazzargh;net147
gforcada;andrejz
agonrex;CustaiCo
hakanensari;caarlos0
pbor;piotrdrag
garbeam;jfhg
gonyere;atriwidada
esjeon;vlaadbrain
kittykat;yarons
medgar123;brandoninvergo
ironbishop;mbouzada
zackhall;tevko
pesder;pranavk
thanostx;dooteo
urmatej;kittykat
JakeRawr;zhangpenglin
vlaadbrain;andrewantle
kjk;ec1oud
michaelforney;radare
loalf;carlos-granados
sjfkai;sonnyt
kelemeng;jimmac
fred-o;sorin-ionescu
colona;ericpruitt
aaptel;ypsu
gonyere;ymyasoedov
Wylmer;ironbishop
curiousstranger;t413
piotrdrag;kittykat
jjmarin;annoab
pmkovar;thanostx
LFDM;mekanics
caarlos0;steeef
MihailZenkov;agonrex
brandoninvergo;jfhg
robbyrussell;ptillemans
emilioramirez;tutuca
crayxt;andrejz
jjmarin;andrejz
hadess;pranavk
pbor;seiflotfy
robbyrussell;fred-o
garnacho;andrejz
davidben;kovidgoyal
yoseforb;cgwalters
curiousstranger;mfaerevaag
neighborhood999;jhogoforbroke
ickle;ec1oud
kovidgoyal;ec1oud
MiloCasagrande;alexanthony
mekanics;caarlos0
aurisc4;Marv-CZ
kovidgoyal;net147
cgp989;pcaba
To1ne;mbologna
aaptel;kaihendry
michaelforney;dokrasa
geoffgarside;henryyan
michaelforney;bhendrickson
To1ne;betawaffle
betawaffle;steeef
urmatej;gonyere
cosimoc;cgwalters
jwilk;ewtoombs
sengels;kovidgoyal
nilamdyuti;jbicha
mbologna;ptillemans
frandieguez;pranavk
jmatth;Stibbons
schachmat;dokrasa
schachmat;farhaven
jrmuizel;adrianjohnson
radare;egmontkob
colona;hiltjo
hiberis;wbolster
agonrex;ypsu
loverajoel;nainslie
aaptel;FRIGN
kelemeng;urbalazs
luciang;pmkovar
ickle;jwilk
FRIGN;ypsu
garbeam;michaelforney
zenopopovici;Morklympious
briancameron;kou
fred-o;ptillemans
Gottox;zwansch
tillkamppeter;ecatmur
RubenMZ;ruanorz
To1ne;mrtazz
inigomartinez;Klowner
JakeRawr;hingsir
Joedalton2;KennethNielsen
eslammostafa;MiloCasagrande
oTree-org;gregmuellegger
neighborhood999;nainslie
pbor;khaledhosny
mtrmac;nma-2009
MihailZenkov;dokrasa
Joedalton2;dariovillar
booxter;crayxt
dankor;jmatsuzawa
seiflotfy;nilamdyuti
afranke;kelemeng
caarlos0;lckarssen
zenopopovici;microlv
dankor;urbalazs
frandieguez;kittykat
pbor;eslammostafa
inigomartinez;sengels
dmustieles;dariovillar
kelemeng;luciang
dankor;cgwalters
dmustieles;luciang
nma-2009;hadess
piotrdrag;KennethNielsen
michaelforney;farhaven
sjfkai;drakmail
cls;andrewantle
richzw;tevko
urmatej;vagrale13
IMFTC;booxter
thcipriani;ptillemans
esjeon;dokrasa
yeager;changwoo
aurisc4;urbalazs
javaguirre;jfhg
davidben;Klowner
gonyere;Marv-CZ
CustaiCo;egmontkob
drakmail;tevko
henryyan;mrtazz
tvainika;claudep
inigomartinez;yselkowitz
kelemeng;ironbishop
garbeam;bhendrickson
colona;CustaiCo
josec87;JesusSoriano
mfaerevaag;svnlto
sjfkai;richzw
davidben;jwilk
ncanceill;Stibbons
hiberis;tillkamppeter
KennethNielsen;nma-2009
sengels;ec1oud
afranke;pesder
Gottox;javaguirre
kou;yselkowitz
yeager;khaledhosny
bazzargh;tah
kjk;Klowner
sonnyt;seanpat09
urmatej;dooteo
pranavk;jimmac
frandieguez;vlyalcin
radare;CustaiCo
colona;medgar123
octopitus;mvedie
ElectronicRU;garbeam
william8000;briancameron
colona;radare
apjanke;LFDM
briancameron;kovidgoyal
dnoway;KennethNielsen
sonnyt;SarjuHansaliya
gromgit;mvedie
madmantalking;mvedie
brianwawok;zemanel
bladecoder;leereilly
pklinger;darul75
julienr;reavertm
Joedalton2;Marv-CZ
adrianjohnson;ewtoombs
ericpruitt;hiltjo
ewtoombs;ahartmetz
cosimoc;crayxt
mcornella;ncanceill
takeshi-aihana;andrejz
Marv-CZ;annoab
AlbertoFuente;jhogoforbroke
dmustieles;esanchezm
jbicha;alexanthony
booxter;pesder
cosimoc;thanostx
piotrdrag;andrejz
javaguirre;anydot
fred-o;mekanics
oTree-org;ShuyaLi
richzw;drakmail
Marv-CZ;MiloCasagrande
allanday;urmatej
aaptel;radare
yeager;ookull
zenopopovici;kurtextrem
yarons;hadess
cosimoc;ymyasoedov
moimael;pesder
Joedalton2;thanostx
mtrmac;yarons
pesder;urmatej
k0gaMSX;kaihendry
pklinger;SarjuHansaliya
afranke;urbalazs
mcornella;caarlos0
mcornella;psprint
ericpruitt;radare
cosimoc;yarons
apjanke;caarlos0
seiflotfy;cosimoc
MiloCasagrande;ymyasoedov
atriwidada;pranavk
bazzargh;yselkowitz
fred-o;svnlto
aes;CustaiCo
sengels;ickle
ickle;tah
IMFTC;moimael
colona;esjeon
annoab;gforcada
jrmuizel;ahartmetz
yeager;Marv-CZ
jrmuizel;julienr
hiltjo;radare
esanchezm;ymyasoedov
radare;bhendrickson
radare;farhaven
zenopopovici;zackhall
eslammostafa;jbicha
frandieguez;mateunho
aaptel;egmontkob
seiflotfy;Marv-CZ
AlbertoFuente;SarjuHansaliya
ElectronicRU;amade
zenopopovici;hingsir
eslammostafa;dankor
allanday;pesder
loverajoel;homer0
urbalazs;jimmac
frandieguez;mimico
andrejz;KennethNielsen
pbor;booxter
dnoway;afranke
pclouds;KennethNielsen
crayxt;piotrdrag
sjfkai;0xmtn
adrianjohnson;kou
kurtextrem;darul75
garbeam;agonrex
cachiconato;bitdeli-chef
hiltjo;MihailZenkov
zwansch;garbeam
aurisc4;jimmac
yoseforb;jimmac
henryyan;steeef
fred-o;caarlos0
mtrmac;jjmarin
fred-o;hakanensari
LFDM;betawaffle
jwilk;net147
ericpruitt;michaelforney
reavertm;tillkamppeter
brianstorti;vcavallo
sengels;ewtoombs
richzw;zhangpenglin
tvainika;crayxt
takeshi-aihana;nma-2009
prescott66;atriwidada
FRIGN;schachmat
annoab;crayxt
hadess;aurisc4
loverajoel;gromgit
medgar123;michaelforney
esanchezm;dnoway
sonnyt;madmantalking
jhogoforbroke;gromgit
frandieguez;yeager
amade;brandoninvergo
medgar123;amade
zwansch;egmontkob
aurisc4;cosimoc
KennethNielsen;ymyasoedov
fred-o;oknowton
mtrmac;pclouds
crayxt;jaliste
tsdgeos;ewtoombs
leliel12;ShuyaLi
aurisc4;kelemeng
schachmat;agonrex
mcornella;lckarssen
booxter;MiloCasagrande
diblex;evamlidon
khaledhosny;claudep
sonnyt;mvedie
dariovillar;dnoway
aaptel;k0gaMSX
davidben;lool
Klowner;ec1oud
fernandesn;ironbishop
yarons;pranavk
DavidMorenoDWeb;Rubenrod18
kjk;julienr
sengels;net147
thanostx;Marv-CZ
javaguirre;jgmp
jhogoforbroke;richzw
jhogoforbroke;madmantalking
hiltjo;brandoninvergo
bradh;ec1oud
LFDM;lckarssen
robbyrussell;mekanics
sengels;lool
robbyrussell;sorin-ionescu
fred-o;t413
jrmuizel;kjk
seiflotfy;thanostx
madmantalking;SarjuHansaliya
hiberis;inigomartinez
dveag;daviles94
takeshi-aihana;piotrdrag
javaguirre;pooya
mimico;urmatej
steeef;sorin-ionescu
ptillemans;steeef
tah;ewtoombs
garbeam;schachmat
LFDM;geoffgarside
kelemeng;Marv-CZ
pbor;moimael
nmrony;octopitus
zwansch;andrewantle
tillkamppeter;ahartmetz
atriwidada;claudep
yarons;cgwalters
bobwilliams;mrtazz
SarjuHansaliya;drakmail
frandieguez;wbolster
thanostx;crayxt
zwansch;kaihendry
psprint;henryyan
urmatej;ironbishop
bazzargh;kovidgoyal
esanchezm;vlyalcin
yoseforb;khaledhosny
adrianjohnson;jwilk
SarjuHansaliya;da-vaibhav
LFDM;jmatth
mfaerevaag;Stibbons
nmrony;microlv
Joedalton2;annoab
tsdgeos;tah
esanchezm;annoab
kelemeng;yarons
mimico;tvainika
tevko;zhangpenglin
yeager;mateunho
jhogoforbroke;seanpat09
sonnyt;darul75
rafaeling;demiurgosoft
changwoo;andrejz
yeager;hadess
bradh;tillkamppeter
ericpruitt;garbeam
inigomartinez;jwilk
frandieguez;tvainika
frandieguez;dooteo
SarjuHansaliya;Morklympious
yeager;dariovillar
thanostx;pranavk
jbicha;atriwidada
drakmail;mvedie
reavertm;lool
tsdgeos;kou
k0gaMSX;jfhg
bhendrickson;jgmp
mekanics;steeef
steeef;lckarssen
reavertm;pawel-wiejacha
mcornella;bobwilliams
garnacho;claudep
amade;CustaiCo
pbor;afranke
pklinger;seanpat09
cosimoc;pclouds
davidben;ewtoombs
hiberis;jwilk
apjanke;t413
mpsuzuki;kovidgoyal
agonrex;farhaven
gonyere;booxter
mebjas;zackhall
neighborhood999;JakeRawr
jhogoforbroke;tevko
hakanensari;mekanics
To1ne;jmatth
atriwidada;andrejz
inigomartinez;bazzargh
ericpruitt;agonrex
pesder;thanostx
hadess;claudep
urmatej;jmatsuzawa
andrejz;nma-2009
IMFTC;prescott66
urmatej;esanchezm
Wylmer;pmkovar
LFDM;oknowton
carlos-granados;robholmes
svnlto;steeef
tsdgeos;pawel-wiejacha
oTree-org;benarito
ncanceill;thcipriani
jhogoforbroke;zhangpenglin
jaliste;claudep
eslammostafa;pclouds
aurisc4;gonyere
wbolster;pclouds
garnacho;atriwidada
sonnyt;JakeRawr
terceiro;ylatuya
andrejz;hadess
kou;lool
yarons;urbalazs
loverajoel;JMPerez
gcampax;pclouds
ewtoombs;net147
hakanensari;henryyan
bradh;julienr
FRIGN;hiltjo
ElectronicRU;michaelforney
To1ne;curiousstranger
yselkowitz;ec1oud
frandieguez;gcampax
atriwidada;urbalazs
tsdgeos;mpsuzuki
bobwilliams;betawaffle
yeager;jaliste
kurtextrem;da-vaibhav
loverajoel;seanpat09
MiloCasagrande;pclouds
mcornella;thcipriani
jbicha;pesder
FranTorresVidal;ruanorz
hiberis;lool
tillkamppeter;kou
hiltjo;vlaadbrain
tevko;hingsir
kelemeng;esanchezm
andrewantle;pooya
zenopopovici;pklinger
dooteo;jmatsuzawa
jesuschicano;ShivaWebnet
dnoway;frandieguez
kelemeng;pmkovar
0xmtn;gromgit
t413;mrtazz
khaledhosny;pesder
hadess;dankor
schachmat;bhendrickson
hodefoting;bpeel
allanday;gcampax
khaledhosny;dooteo
robbyrussell;LFDM
Wylmer;mateunho
dmustieles;yeager
ericpruitt;bhendrickson
vlaadbrain;egmontkob
Joedalton2;esanchezm
MihailZenkov;egmontkob
bradh;kjk
IMFTC;aurisc4
garbeam;FRIGN
prescott66;dankor
robbyrussell;jmatth
FRIGN;bhendrickson
kovidgoyal;yselkowitz
zackhall;drakmail
KennethNielsen;pmkovar
k0gaMSX;javaguirre
colona;brandoninvergo
garnacho;hadess
crayxt;jmatsuzawa
davidben;mpsuzuki
luciang;vlyalcin
betawaffle;psprint
AlbertoFuente;pklinger
thanostx;jbicha
pesder;ookull
seiflotfy;eslammostafa
afranke;cgwalters
JorgeCalle;jorcalle11
neighborhood999;nmrony
annoab;vlyalcin
jrmuizel;kovidgoyal
dariovillar;pmkovar
gforcada;jaliste
yarons;alexanthony
changwoo;KennethNielsen
aes;brandoninvergo
ElectronicRU;cls
AlbertoFuente;gromgit
hadess;jimmac
henryyan;ptillemans
copybin;j0hn
henryyan;lckarssen
brianstorti;diogo-as
yeager;dmustieles
moimael;khaledhosny
takeshi-aihana;hadess
jezze;andrewantle
lbertalot;juncosivan
crayxt;cgwalters
sjfkai;zhangpenglin
0xmtn;Morklympious
mbouzada;afranke
gromgit;Morklympious
Tonylu11;oschertar
Stibbons;lckarssen
Gottox;vlaadbrain
jjmarin;crayxt
henryyan;Stibbons
javaguirre;bhendrickson
oknowton;svnlto
medgar123;radare
cosimoc;dooteo
ecatmur;ewtoombs
0xmtn;tevko
cjbarroso;j0hn
hiberis;sengels
ElectronicRU;jgmp
hadess;prescott66
Athas;ElectronicRU
hiberis;reavertm
sjfkai;seanpat09
aaptel;aes
MihailZenkov;bhendrickson
mtrmac;changwoo
ymyasoedov;gcampax
adrianjohnson;bazzargh
mtrmac;hadess
booxter;thanostx
julienr;briancameron
zwansch;ypsu
ookull;claudep
zwansch;Athas
yeager;mbouzada
allanday;afranke
pklinger;hingsir
danigm;ironbishop
william8000;tah
0xmtn;zackhall
yeager;atriwidada
esanchezm;ironbishop
kurtextrem;zhangpenglin
j0hn;walteralini
apjanke;geoffgarside
allanday;gonyere
hodefoting;ylatuya
mcornella;steeef
ShuyaLi;alexsanduk
urmatej;dariovillar
kurtextrem;zackhall
seiflotfy;urmatej
jhogoforbroke;sonnyt
jrmuizel;ec1oud
k0gaMSX;hiltjo
william8000;ec1oud
IMFTC;thanostx
briancameron;yselkowitz
steeef;mrtazz
AlbertoFuente;madmantalking
aurisc4;jbicha
aaptel;garbeam
inigomartinez;davidben
IMFTC;jbicha
Marv-CZ;jimmac
kelemeng;ookull
emilioramirez;copybin
booxter;jbicha
Gottox;sr
mcornella;imajes
jrmuizel;pawel-wiejacha
0xmtn;seanpat09
mrtazz;lckarssen
Marv-CZ;nilamdyuti
ymyasoedov;vagrale13
crayxt;kelemeng
mpsuzuki;lool
caarlos0;Stibbons
urmatej;tvainika
schachmat;michaelforney
tvainika;piotrdrag
0xmtn;mvedie
khaledhosny;takeshi-aihana
psprint;thcipriani
To1ne;mfaerevaag
sonnyt;richzw
tvainika;khaledhosny
kittykat;dooteo
jrmuizel;ecatmur
kelemeng;wbolster
zenopopovici;nmrony
tsdgeos;lool
0xmtn;pklinger
Marv-CZ;jmatsuzawa
seanpat09;tevko
aaptel;CustaiCo
loverajoel;aschelstraete
MihailZenkov;farhaven
ericpruitt;schachmat
caarlos0;psprint
dmustieles;pmkovar
To1ne;mekanics
Marv-CZ;frandieguez
JakeRawr;octopitus
afranke;prescott66
tvainika;annoab
zenopopovici;zhangpenglin
bradh;kovidgoyal
IMFTC;dankor
apjanke;imajes
hiberis;changwoo
richzw;mebjas
To1ne;hakanensari
geoffgarside;hakanensari
loverajoel;hingsir
Joedalton2;frandieguez
zwansch;amade
inigomartinez;kou
kurtextrem;octopitus
pesder;nma-2009
leliel12;alexsanduk
curiousstranger;mrtazz
psprint;steeef
aes;radare
octopitus;mebjas
hadess;urmatej
hadess;khaledhosny
hingsir;da-vaibhav
bradh;ewtoombs
agonrex;bhendrickson
ookull;andrejz
zwansch;CustaiCo
pawel-wiejacha;kovidgoyal
ncanceill;steeef
cls;sr
mpsuzuki;ec1oud
gromgit;hingsir
frandieguez;luciang
ElectronicRU;andrewantle
amade;ypsu
AlbertoFuente;tevko
takeshi-aihana;pclouds
mbologna;Stibbons
garbeam;ypsu
pklinger;nmrony
mateunho;afranke
ironbishop;thanostx
AlbertoFuente;seanpat09
gforcada;crayxt
caarlos0;henryyan
yoseforb;urbalazs
betawaffle;henryyan
hiberis;kelemeng
cosimoc;jmatsuzawa
amade;MihailZenkov
tvainika;jaliste
ncanceill;psprint
k0gaMSX;ypsu
ypsu;egmontkob
jwilk;yselkowitz
dmustieles;vlyalcin
pmkovar;ymyasoedov
nilamdyuti;gcampax
garbeam;radare
bradh;Klowner
k0gaMSX;brandoninvergo
zwansch;radare
jrmuizel;bazzargh
bobwilliams;steeef
hadess;ymyasoedov
CustaiCo;farhaven
Wylmer;afranke
annoab;ironbishop
fossfreedom;silberzwiebel
gonyere;afranke
AlbertoFuente;nainslie
JakeRawr;drakmail
dmustieles;dooteo
danigm;vagrale13
tah;ahartmetz
khaledhosny;jaliste
annoab;wbolster
prescott66;booxter
esanchezm;frandieguez
yoseforb;kelemeng
zenopopovici;darul75
jhogoforbroke;mvedie
ncanceill;caarlos0
jezze;cls
imajes;thcipriani
kjk;davidben
briancameron;ecatmur
cosimoc;yoseforb
aaptel;agonrex
hadess;thanostx
mcornella;hakanensari
crayxt;dooteo
jjmarin;KennethNielsen
kittykat;urbalazs
bradh;ahartmetz
imajes;mfaerevaag
zwansch;pooya
annoab;claudep
KennethNielsen;vlyalcin
wbolster;hadess
seanpat09;hingsir
yoseforb;atriwidada
dooteo;urbalazs
ymyasoedov;cosimoc
neighborhood999;sonnyt
kelemeng;jaliste
Joedalton2;pmkovar
dmustieles;tvainika
moimael;cosimoc
danigm;Wylmer
henryyan;svnlto
jjmarin;claudep
octopitus;da-vaibhav
sengels;tillkamppeter
apjanke;jmatth
javierav;thealien
esjeon;agonrex
k0gaMSX;farhaven
alexanthony;atriwidada
kelemeng;vagrale13
briancameron;ewtoombs
geoffgarside;jmatth
j0hn;gbourdin
pclouds;crayxt
To1ne;geoffgarside
jwilk;lool
jjmarin;garnacho
ncanceill;hakanensari
mimico;yeager
sengels;davidben
octopitus;nainslie
hiltjo;agonrex
gromgit;seanpat09
pklinger;octopitus
wbolster;crayxt
danigm;joseEnrique
ookull;jaliste
Stibbons;mrtazz
annoab;takeshi-aihana
nmrony;nainslie
apjanke;betawaffle
jrmuizel;kou
moimael;atriwidada
esjeon;javaguirre
bobwilliams;sorin-ionescu
seiflotfy;ymyasoedov
IMFTC;alexanthony
zenopopovici;seanpat09
sengels;briancameron
dnoway;pmkovar
egmontkob;kaihendry
benarito;alexsanduk
Wylmer;luciang
esanchezm;vagrale13
urmatej;jbicha
eslammostafa;alexanthony
frandieguez;andrejz
afranke;vagrale13
thanostx;jmatsuzawa
lool;yselkowitz
ericpruitt;farhaven
ptillemans;lckarssen
urmatej;changwoo
0xmtn;zhangpenglin
urmatej;wbolster
KennethNielsen;claudep
mateunho;pmkovar
allanday;thanostx
nilamdyuti;jmatsuzawa
crayxt;jimmac
apjanke;To1ne
hiberis;pawel-wiejacha
mtrmac;takeshi-aihana
bhendrickson;egmontkob
prescott66;jmatsuzawa
atriwidada;jmatsuzawa
kelemeng;jjmarin
octopitus;zhangpenglin
tutuca;gbourdin
urmatej;Joedalton2
aaptel;farhaven
aaptel;MihailZenkov
aes;egmontkob
hakanensari;lckarssen
javaguirre;zemanel
i32petoj;ruanorz
garbeam;vlaadbrain
ericpruitt;javaguirre
seiflotfy;gcampax
radare;dokrasa
aurisc4;alexanthony
kelemeng;mbouzada
apjanke;svnlto
bazzargh;ewtoombs
sonnyt;zhangpenglin
medgar123;javaguirre
oTree-org;leliel12
mimico;atriwidada
oknowton;Stibbons
Marv-CZ;KennethNielsen
yarons;nma-2009
Marv-CZ;kittykat
Marv-CZ;jbicha
zwansch;jfhg
jjmarin;gforcada
hiberis;crayxt
sjfkai;kurtextrem
zwansch;michaelforney
bradh;kou
neighborhood999;darul75
frandieguez;mbouzada
atriwidada;cgwalters
piotrdrag;moimael
mbologna;psprint
khaledhosny;cosimoc
piotrdrag;gonyere
yarons;dooteo
dlespiau;terceiro
eslammostafa;moimael
yoseforb;ymyasoedov
neighborhood999;Morklympious
gromgit;tevko
mcornella;sorin-ionescu
annoab;thanostx
oknowton;t413
alexsanduk;gregmuellegger
tsdgeos;ecatmur
nmrony;darul75
kittykat;ymyasoedov
mekanics;thcipriani
hiberis;bazzargh
madmantalking;drakmail
moimael;gonyere
inigomartinez;ahartmetz
KennethNielsen;afranke
loverajoel;0xmtn
frandieguez;annoab
gromgit;drakmail
kelemeng;pesder
hakanensari;thcipriani
prescott66;yarons
vlyalcin;afranke
prescott66;pranavk
bobwilliams;psprint
MiloCasagrande;afranke
changwoo;atriwidada
hiberis;william8000
booxter;dooteo
khaledhosny;ymyasoedov
nma-2009;claudep
vlaadbrain;jgmp
pawel-wiejacha;net147
dmustieles;nma-2009
kjk;ahartmetz
loverajoel;da-vaibhav
javaguirre;brianwawok
william8000;Klowner
reavertm;bazzargh
loverajoel;richzw
jmatth;steeef
sjfkai;darul75
yeager;ironbishop
FRIGN;egmontkob
esanchezm;mateunho
aaptel;colona
bobwilliams;curiousstranger
nilamdyuti;cgwalters
thcipriani;steeef
psprint;sorin-ionescu
hadess;atriwidada
yeager;fernandesn
schachmat;esjeon
mebjas;mvedie
KennethNielsen;hadess
bhendrickson;CustaiCo
k0gaMSX;aes
oknowton;mrtazz
seiflotfy;aurisc4
kittykat;jmatsuzawa
khaledhosny;MiloCasagrande
pmkovar;vagrale13
fernandesn;ymyasoedov
yeager;Wylmer
briancameron;ahartmetz
dariovillar;luciang
dmustieles;jjmarin
yeager;pmkovar
davidben;william8000
dariovillar;ironbishop
esjeon;ypsu
dmustieles;vagrale13
tvainika;atriwidada
afranke;jmatsuzawa
yeager;claudep
hiberis;yarons
mpsuzuki;yselkowitz
medgar123;garbeam
khaledhosny;jbicha
yeager;kelemeng
darul75;JakeRawr
reavertm;mpsuzuki
brandoninvergo;egmontkob
caarlos0;mfaerevaag
mekanics;sorin-ionescu
caarlos0;t413
ncanceill;jmatth
frandieguez;gforcada
mrtazz;sorin-ionescu
hiberis;ecatmur
imajes;mrtazz
Athas;jezze
ookull;crayxt
ericpruitt;aes
kurtextrem;hingsir
bobwilliams;oknowton
piotrdrag;jimmac
nmrony;da-vaibhav
fred-o;mfaerevaag
hiberis;dmustieles
mdottavio;cybuhh
LuqueDaniel;Pixdigit
colona;jfhg
nmrony;hingsir
pawel-wiejacha;tillkamppeter
khaledhosny;yarons
ymyasoedov;cgwalters
danigm;esanchezm
Marv-CZ;vlyalcin
pbor;yarons
seiflotfy;booxter
ahartmetz;kovidgoyal
urmatej;hadess
yeager;andrejz
Wylmer;ymyasoedov
zenopopovici;tevko
sengels;pawel-wiejacha
javaguirre;dokrasa
dmustieles;jaliste
microlv;drakmail
amade;vlaadbrain
annoab;mbouzada
tutuca;copybin
0xmtn;hingsir
gromgit;SarjuHansaliya
inigomartinez;mpsuzuki
jmatth;t413
jwilk;kovidgoyal
kelemeng;nma-2009
seanpat09;JakeRawr
mimico;yarons
moimael;jbicha
kjk;reavertm
aes;vlaadbrain
sengels;Klowner
yarons;thanostx
dnoway;ymyasoedov
ewtoombs;ec1oud
dmustieles;andrejz
Marv-CZ;yoseforb
prescott66;thanostx
zackhall;nainslie
cosimoc;khaledhosny
hiberis;gforcada
FRIGN;aes
ookull;yarons
mimico;gforcada
loalf;humandb
luciang;thanostx
nmrony;Morklympious
mekanics;oknowton
AlbertoFuente;octopitus
Joedalton2;vagrale13
ickle;william8000
booxter;khaledhosny
brandoninvergo;dokrasa
hadess;pesder
thanostx;vlyalcin
nilamdyuti;Marv-CZ
pklinger;JakeRawr
LFDM;thcipriani
javaguirre;dbrgn
changwoo;claudep
ickle;kovidgoyal
pesder;tvainika
javaguirre;sr
pmkovar;afranke
mekanics;ptillemans
pclouds;cosimoc
kjk;lool
javierav;gowikel
neighborhood999;hingsir
darul75;SarjuHansaliya
AlbertoFuente;microlv
madmantalking;JakeRawr
briancameron;lool
robbyrussell;mcornella
mcornella;To1ne
ironbishop;afranke
tillkamppeter;jwilk
LFDM;imajes
sonnyt;drakmail
gcampax;atriwidada
reavertm;ahartmetz
loverajoel;JakeRawr
radare;vlaadbrain
jjmarin;atriwidada
kjk;william8000
zenopopovici;da-vaibhav
dmustieles;changwoo
hadess;jmatsuzawa
hiberis;ec1oud
mbologna;lckarssen
garbeam;farhaven
jrmuizel;hiberis
brandoninvergo;bhendrickson
mbouzada;pmkovar
lool;ec1oud
dmustieles;mbouzada
richzw;nmrony
egmontkob;farhaven
kindarnakes;i22bomui
william8000;lool
atriwidada;KennethNielsen
farhaven;jgmp
william8000;kou
gforcada;takeshi-aihana
juancarlospaco;Pixdigit
madmantalking;hingsir
jjmarin;jaliste
yoseforb;yarons
kurtextrem;tevko
gromgit;madmantalking
neighborhood999;drakmail
ptillemans;mrtazz
urmatej;nma-2009
curiousstranger;henryyan
hiltjo;farhaven
thanostx;gonyere
0xmtn;nmrony
nilamdyuti;gonyere
adrianjohnson;reavertm
javaguirre;jezze
bobwilliams;mekanics
gregmuellegger;jsteinhart
yeager;dnoway
adrianjohnson;briancameron
ewtoombs;kou
bradh;mpsuzuki
tsdgeos;Klowner
thanostx;cosimoc
pesder;kelemeng
kjk;briancameron
hadess;dooteo
jaliste;nma-2009
radare;jfhg
inigomartinez;william8000
mbologna;mfaerevaag
ookull;tvainika
IMFTC;frandieguez
hiberis;frandieguez
fernandesn;afranke
kittykat;booxter
wbolster;gforcada
zwansch;cls
LFDM;mrtazz
aurisc4;crayxt
esanchezm;pmkovar
dmustieles;jimmac
Gottox;pooya
jfhg;jgmp
davidben;ecatmur
ElectronicRU;jezze
tah;mpsuzuki
william8000;reavertm
brandoninvergo;ypsu
frandieguez;urbalazs
Wylmer;vagrale13
pesder;jaliste
k0gaMSX;medgar123
To1ne;thcipriani
aes;kaihendry
aes;agonrex
sonnyt;0xmtn
kelemeng;vlyalcin
chrisixion;mazen
kjk;jwilk
hiltjo;egmontkob
hiberis;jaliste
zenopopovici;sonnyt
kurtextrem;madmantalking
schachmat;jfhg
jrmuizel;sengels
tsdgeos;william8000
neighborhood999;kurtextrem
nilamdyuti;urbalazs
Gnzlt;alvarosg88
seiflotfy;khaledhosny
zwansch;MihailZenkov
betawaffle;svnlto
dmustieles;mimico
jmatth;betawaffle
booxter;urbalazs
sigdeletras;IvanSanchez
ickle;Klowner
sonnyt;nmrony
imajes;svnlto
urmatej;andrejz
dmustieles;ironbishop
mtrmac;tvainika
ewtoombs;yselkowitz
LFDM;caarlos0
ironbishop;pmkovar
Morklympious;hingsir
urmatej;vlyalcin
richzw;darul75
hiberis;mimico
ickle;mpsuzuki
mimico;nma-2009
tsdgeos;kovidgoyal
emilioramirez;titomunoz
atriwidada;dooteo
urmatej;pranavk
yarons;pesder
Marv-CZ;cosimoc
microlv;zackhall
aaptel;michaelforney
gforcada;pclouds
kou;ec1oud
sjfkai;JakeRawr
IMFTC;dmustieles
esanchezm;luciang
pclouds;jaliste
reavertm;Klowner
copybin;cjbarroso
bobwilliams;hakanensari
ericpruitt;kaihendry
0xmtn;mebjas
william8000;yselkowitz
frandieguez;piotrdrag
geoffgarside;mfaerevaag
hakanensari;Stibbons
Athas;pooya
moimael;Marv-CZ
bitdeli-chef;diogo-as
SarjuHansaliya;zhangpenglin
tutuca;cjbarroso
aaptel;schachmat
annoab;mateunho
hakanensari;curiousstranger
fernandesn;vagrale13
pbor;gcampax
dmustieles;urbalazs
ahartmetz;Klowner
fernandesn;dnoway
javaguirre;ypsu
kelemeng;dnoway
geoffgarside;Stibbons
yeager;vagrale13
atriwidada;prescott66
mimico;jjmarin
javierburongarcia;msanchezmora
colona;FRIGN
Joedalton2;ironbishop
gcampax;pesder
piotrdrag;dooteo
eslammostafa;yarons
reavertm;kou
pclouds;jimmac
danigm;Marv-CZ
thanostx;cgwalters
Arcnor;leereilly
inigomartinez;julienr
JakeRawr;da-vaibhav
bradh;ecatmur
hiltjo;kaihendry
ecatmur;Klowner
Stibbons;steeef
egmontkob;jfhg
takeshi-aihana;crayxt
kelemeng;jmatsuzawa
apjanke;Stibbons
Joedalton2;afranke
kittykat;afranke
hadess;kittykat
esanchezm;KennethNielsen
emilioramirez;cjbarroso
julienr;yselkowitz
ncanceill;mfaerevaag
ookull;pclouds
richzw;kurtextrem
Marv-CZ;Wylmer
neighborhood999;zhangpenglin
jhogoforbroke;octopitus
dmustieles;gcampax
neighborhood999;mvedie
To1ne;LFDM
frandieguez;claudep
ymyasoedov;jimmac
kittykat;yoseforb
IMFTC;gcampax
zwansch;aaptel
hiltjo;amade
gonyere;prescott66
darul75;drakmail
dmustieles;gonyere
urmatej;yoseforb
vlyalcin;vagrale13
aurisc4;yoseforb
tvainika;nma-2009
pbor;jbicha
garnacho;crayxt
hakanensari;mrtazz
esanchezm;afranke
luciang;mbouzada
ericpruitt;dokrasa
ickle;lool
nmrony;seanpat09
bradh;davidben
michaelforney;brandoninvergo
jjmarin;ookull
pesder;urbalazs
ericpruitt;jgmp
eslammostafa;afranke
geoffgarside;caarlos0
JakeRawr;tevko
pbor;thanostx
pesder;cgwalters
moimael;gcampax
annoab;ymyasoedov
aaptel;vlaadbrain
urmatej;jaliste
mtrmac;yeager
ElectronicRU;jfhg
danigm;pmkovar
CustaiCo;jfhg
Marv-CZ;fernandesn
ironbishop;vagrale13
nanocity;TheNaoX
piotrdrag;eslammostafa
aurisc4;MiloCasagrande
yarons;KennethNielsen
khaledhosny;wbolster
nilamdyuti;pranavk
medgar123;aes
aaptel;amade
colona;dokrasa
dnoway;luciang
bhendrickson;kaihendry
schachmat;aes
hakanensari;mbologna
nmrony;zhangpenglin
cosimoc;booxter
allanday;ymyasoedov
carlosccb;i22bomui
kelemeng;dmustieles
darul75;mebjas
pklinger;zhangpenglin
hiberis;kovidgoyal
wbolster;KennethNielsen
hiltjo;dokrasa
FRIGN;agonrex
madmantalking;microlv
zenopopovici;drakmail
AlbertoFuente;Morklympious
penyaskito;danigm
tah;kou
farhaven;jfhg
moimael;booxter
bradh;lool
leliel12;jsteinhart
FRIGN;amade
betawaffle;mrtazz
pesder;takeshi-aihana
bradh;william8000
brandoninvergo;vlaadbrain
kittykat;crayxt
tsdgeos;kjk
reavertm;jwilk
afranke;pranavk
piotrdrag;nma-2009
geoffgarside;oknowton
bazzargh;Klowner
hiltjo;bhendrickson
pklinger;kurtextrem
dmustieles;jbicha
kelemeng;fernandesn
kjk;net147
yoseforb;pesder
tillkamppeter;briancameron
kelemeng;garnacho
khaledhosny;gforcada
garbeam;MihailZenkov
pesder;claudep
kurtextrem;nainslie
geoffgarside;t413
ironbishop;ymyasoedov
k0gaMSX;dokrasa
hakanensari;ptillemans
mebjas;tevko
sengels;tah
apjanke;hakanensari
fernandesn;mbouzada
khaledhosny;hadess
jjmarin;khaledhosny
khaledhosny;garnacho
cmdelatorre;emilioramirez
reavertm;kovidgoyal
octopitus;zackhall
urmatej;gcampax
medgar123;kaihendry
danigm;thanostx
shokimc;hidabe
pklinger;richzw
bradh;sengels
allanday;booxter
garnacho;gforcada
urmatej;MiloCasagrande
Wylmer;KennethNielsen
allanday;dankor
ericpruitt;vlaadbrain
leliel12;arddor
AlbertoFuente;nmrony
loverajoel;SarjuHansaliya
pesder;andrejz
eslammostafa;aurisc4
mtrmac;urmatej
Marv-CZ;dariovillar
bazzargh;lool
urbalazs;jmatsuzawa
radare;kaihendry
pesder;piotrdrag
robbyrussell;geoffgarside
pmkovar;vlyalcin
esjeon;kaihendry
alexsanduk;jsteinhart
aaptel;hiltjo
betawaffle;hakanensari
neighborhood999;SarjuHansaliya
mtrmac;atriwidada
yeager;pclouds
curiousstranger;steeef
danigm;mateunho
julienr;tah
geoffgarside;mekanics
mcornella;henryyan
allanday;MiloCasagrande
gonyere;dankor
pclouds;cgwalters
wbolster;takeshi-aihana
mebjas;microlv
kittykat;aurisc4
kittykat;pranavk
zenopopovici;madmantalking
betawaffle;mbologna
kittykat;prescott66
richzw;madmantalking
mpsuzuki;pawel-wiejacha
MihailZenkov;jfhg
kjk;mpsuzuki
agonrex;jfhg
carlosccb;kindarnakes
moimael;aurisc4
dankor;jimmac
dmustieles;yoseforb
jhogoforbroke;mebjas
colona;michaelforney
sengels;ecatmur
prescott66;ymyasoedov
cosimoc;pranavk
jaliste;hadess
ecatmur;lool
mekanics;mrtazz
Morklympious;nainslie
hingsir;nainslie
benarito;leliel12
sjfkai;mvedie
atriwidada;piotrdrag
dmustieles;ookull
apjanke;psprint
Athas;cls
inigomartinez;tillkamppeter
walteralini;gbourdin
AlbertoFuente;darul75
microlv;tevko
seanpat09;zhangpenglin
MiloCasagrande;pesder
Kamuirx;arauzo
medgar123;ericpruitt
ahartmetz;kou
oknowton;ptillemans
gcampax;dankor
garbeam;CustaiCo
To1ne;caarlos0
gonyere;gcampax
psprint;svnlto
eslammostafa;prescott66
changwoo;annoab
jjmarin;hadess
seiflotfy;dmustieles
RicardoRodriguezArg;RMJose
loverajoel;zackhall
yeager;garnacho
pranavk;jmatsuzawa
kurtextrem;Morklympious
Joedalton2;fernandesn
amade;bhendrickson
sonnyt;Morklympious
hiberis;claudep
bradh;yselkowitz
mimico;takeshi-aihana
FRIGN;MihailZenkov
mimico;wbolster
dnoway;vlyalcin
cosimoc;frandieguez
mfaerevaag;henryyan
fred-o;henryyan
nmrony;madmantalking
seanpat09;da-vaibhav
ivanportillo;Paco1994
annoab;atriwidada
yarons;claudep
octopitus;drakmail
khaledhosny;pranavk
tevko;nainslie
thanostx;booxter
amade;dokrasa
brandoninvergo;CustaiCo
arauzo;spdelgado
apjanke;mbologna
hiltjo;ypsu
neighborhood999;zackhall
Marv-CZ;khaledhosny
neighborhood999;seanpat09
brianstorti;cachiconato
robbyrussell;betawaffle
apjanke;lckarssen
AlbertoFuente;hingsir
mpsuzuki;ecatmur
alexanthony;cosimoc
AlbertoFuente;kurtextrem
MiloCasagrande;atriwidada
ironbishop;frandieguez
crayxt;claudep
geoffgarside;imajes
octopitus;Morklympious
javaguirre;MihailZenkov
kittykat;nilamdyuti
apjanke;mekanics
carlos-granados;dossorio
tah;tillkamppeter
danigm;vlyalcin
vlaadbrain;farhaven
moimael;frandieguez
ickle;reavertm
To1ne;lckarssen
gonyere;MiloCasagrande
dnoway;ironbishop
RubenMZ;FranTorresVidal
mimico;garnacho
oTree-org;alexsanduk
kelemeng;dankor
ypsu;vlaadbrain
curiousstranger;svnlto
JakeRawr;zackhall
medgar123;esjeon
briancameron;Klowner
seiflotfy;MiloCasagrande
mpsuzuki;briancameron
k0gaMSX;FRIGN
crayxt;dankor
aaptel;brandoninvergo
mebjas;hingsir
radare;jgmp
pawel-wiejacha;kou
frandieguez;cgwalters
adrianjohnson;davidben
pesder;dooteo
gromgit;octopitus
frandieguez;garnacho
fred-o;curiousstranger
annoab;pclouds
afranke;jimmac
kjk;kou
khaledhosny;jmatsuzawa
adrianjohnson;ec1oud
urmatej;fernandesn
zwansch;medgar123
ShuyaLi;gregmuellegger
dariovillar;mateunho
cosimoc;urmatej
ElectronicRU;radare
tah;jwilk
alexanthony;prescott66
MiloCasagrande;gcampax
octopitus;microlv
kurtextrem;SarjuHansaliya
curiousstranger;sorin-ionescu
annoab;pmkovar
zenopopovici;nainslie
thanostx;jimmac
oknowton;henryyan
adrianjohnson;Klowner
william8000;kovidgoyal
cosimoc;afranke
aaptel;jfhg
robbyrussell;t413
schachmat;jgmp
dmustieles;gforcada
k0gaMSX;esjeon
cosimoc;piotrdrag
imajes;curiousstranger
dlespiau;ThangCZ
GerardoAllende;matuu
booxter;gcampax
robbyrussell;imajes
jjmarin;tvainika
allanday;nilamdyuti
colona;schachmat
ookull;KennethNielsen
lumilo8;shokimc
FRIGN;kaihendry
urmatej;takeshi-aihana
sgomez;mazen
pbor;IMFTC
jmatth;mrtazz
ookull;hadess
bobwilliams;mbologna
mcornella;geoffgarside
kelemeng;hadess
octopitus;hingsir
mpsuzuki;jwilk
loverajoel;madmantalking
urmatej;claudep
briancameron;ec1oud
FRIGN;michaelforney
ickle;pawel-wiejacha
jbicha;dankor
thcipriani;henryyan
yarons;gcampax
imajes;ptillemans
mpsuzuki;Klowner
pklinger;Morklympious
bhendrickson;jfhg
robbyrussell;mbologna
medgar123;schachmat
pclouds;jmatsuzawa
ecatmur;ec1oud
kurtextrem;mebjas
piotrdrag;cosimoc
FRIGN;esjeon
jimmac;jmatsuzawa
garbeam;kaihendry
yeager;crayxt
aurisc4;gcampax
geoffgarside;curiousstranger
bradh;pawel-wiejacha
curiousstranger;mbologna
zenopopovici;mvedie
cosimoc;pesder
bazzargh;ecatmur
tillkamppeter;kovidgoyal
fred-o;mrtazz
pklinger;microlv
pclouds;dankor
neighborhood999;microlv
inigomartinez;ickle
mcornella;betawaffle
geoffgarside;psprint
gromgit;nmrony
To1ne;bobwilliams
tah;kovidgoyal
loverajoel;zenopopovici
adrianjohnson;kovidgoyal
seiflotfy;yarons
pclouds;hadess
jwilk;ec1oud
IMFTC;eslammostafa
garbeam;dokrasa
LuqueDaniel;juancarlospaco
colona;egmontkob
garnacho;nma-2009
allanday;pclouds
tsdgeos;adrianjohnson
jrmuizel;lool
kelemeng;cgwalters
medgar123;hiltjo
CustaiCo;jgmp
robbyrussell;To1ne
hiberis;adrianjohnson
pklinger;madmantalking
oknowton;thcipriani
khaledhosny;andrejz
hiltjo;jfhg
garbeam;cls
Marv-CZ;alexanthony
gromgit;richzw
jmatth;hakanensari
ptillemans;svnlto
medgar123;agonrex
loverajoel;Morklympious
k0gaMSX;garbeam
ironbishop;luciang
mfaerevaag;ptillemans
zwansch;colona
IMFTC;pclouds
microlv;Morklympious
kelemeng;ymyasoedov
zwansch;hiltjo
atriwidada;jimmac
crayxt;pranavk
carlosccb;Manri98
cgwalters;jmatsuzawa
ncanceill;mekanics
colona;garbeam
jrmuizel;ewtoombs
colona;jgmp
jrmuizel;reavertm
mimico;jaliste
oknowton;psprint
takeshi-aihana;jaliste
dlespiau;bpeel
cosimoc;kelemeng
MiloCasagrande;dankor
moimael;nilamdyuti
dmustieles;takeshi-aihana
sengels;jwilk
AlbertoFuente;0xmtn
imajes;t413
davidben;yselkowitz
mfaerevaag;steeef
thcipriani;svnlto
aes;ypsu
dooteo;cgwalters
psprint;ptillemans
seanpat09;microlv
IMFTC;urmatej
psprint;mfaerevaag
k0gaMSX;CustaiCo
hiberis;mpsuzuki
vlaadbrain;kaihendry
richzw;SarjuHansaliya
annoab;piotrdrag
eslammostafa;atriwidada
michaelforney;egmontkob
mcornella;t413
jquemada;felvida
javaguirre;egmontkob
LFDM;psprint
madmantalking;mebjas
sonnyt;kurtextrem
adrianjohnson;tillkamppeter
mimico;claudep
thanostx;yarons
curiousstranger;oknowton
robholmes;dossorio
mimico;KennethNielsen
hiberis;ickle
aes;amade
MiloCasagrande;yarons
ecatmur;net147
k0gaMSX;amade
tillkamppeter;lool
yeager;ymyasoedov
gcampax;jbicha
bazzargh;briancameron
jmatth;henryyan
zenopopovici;mebjas
Stibbons;t413
inigomartinez;ec1oud
fred-o;LFDM
ickle;ecatmur
seiflotfy;allanday
ericpruitt;CustaiCo
jjmarin;yarons
nainslie;da-vaibhav
ShuyaLi;jsteinhart
richzw;microlv
mateunho;vagrale13
eslammostafa;ymyasoedov
seiflotfy;dankor
javaguirre;cls
brianstorti;oldfartdeveloper
briancameron;net147
urmatej;garnacho
pesder;garnacho
ickle;tillkamppeter
LFDM;sorin-ionescu
dariovillar;esanchezm
ElectronicRU;esjeon
darul75;zhangpenglin
caarlos0;sorin-ionescu
hiberis;tvainika
frandieguez;jaliste
henryyan;sorin-ionescu
aaptel;dokrasa
piotrdrag;allanday
kittykat;thanostx
urmatej;aurisc4
bazzargh;ec1oud
seiflotfy;pesder
sjfkai;Morklympious
gforcada;claudep
hiberis;yselkowitz
JakeRawr;nainslie
adrianjohnson;sengels
nilamdyuti;crayxt
kelemeng;afranke
fred-o;ncanceill
fred-o;imajes
dmustieles;kittykat
inigomartinez;kovidgoyal
julienr;kou
FRIGN;jgmp
garbeam;zwansch
dariovillar;vlyalcin
booxter;pranavk
FRIGN;CustaiCo
afranke;cosimoc
kelemeng;andrejz
kittykat;khaledhosny
michaelforney;CustaiCo
microlv;mvedie
ElectronicRU;kaihendry
loverajoel;pklinger
hiltjo;CustaiCo
robbyrussell;ncanceill
terceiro;ThangCZ
pclouds;nma-2009
ericpruitt;jfhg
kelemeng;thanostx
medgar123;CustaiCo
schachmat;MihailZenkov
To1ne;psprint
ironbishop;KennethNielsen
inigomartinez;ewtoombs
aaptel;ElectronicRU
ypsu;bhendrickson
mimico;khaledhosny
psprint;t413
ericpruitt;brandoninvergo
aes;jgmp
crayxt;hadess
IMFTC;Marv-CZ
yoseforb;dooteo
urmatej;cosimoc
Wylmer;dnoway
tsdgeos;ahartmetz
radare;agonrex
mcornella;ptillemans
t413;lckarssen
jmatth;mfaerevaag
dokrasa;jgmp
richzw;nainslie
ymyasoedov;alexanthony
kittykat;jimmac
urmatej;mateunho
aaptel;jgmp
hobarrera;asermax
gromgit;microlv
sjfkai;mebjas
bradh;inigomartinez
yeager;vlyalcin
loverajoel;xeBuz
tillkamppeter;yselkowitz
yarons;jaliste
mfaerevaag;mrtazz
vlaadbrain;jfhg
thcipriani;t413
zwansch;schachmat
sonnyt;microlv
william8000;pawel-wiejacha
piotrdrag;kelemeng
hiberis;andrejz
darul75;mvedie
tah;net147
mtrmac;andrejz
urmatej;mbouzada
atriwidada;gforcada
bobwilliams;mfaerevaag
thanostx;kelemeng
dlespiau;hodefoting
thanostx;alexanthony
michaelforney;ypsu
sgomez;i02momuj
pawel-wiejacha;briancameron
RubenMZ;i32petoj
alexanthony;dankor
urmatej;gforcada
bazzargh;jwilk
Marv-CZ;gcampax
ivanportillo;i32petoj
javaguirre;agonrex
cachiconato;diogo-as
IMFTC;afranke
hiberis;khaledhosny
jrmuizel;tah
geoffgarside;mrtazz
drakmail;zhangpenglin
Wylmer;mbouzada
LFDM;ncanceill
IMFTC;atriwidada
pbor;pesder
julienr;ewtoombs
microlv;da-vaibhav
danigm;ymyasoedov
william8000;mpsuzuki
fernandesn;vlyalcin
zenopopovici;JakeRawr
JakeRawr;mvedie
hiberis;urmatej
IMFTC;gonyere
cjbarroso;gbourdin
zwansch;bhendrickson
Marv-CZ;luciang
Joedalton2;ymyasoedov
Marv-CZ;dnoway
asermax;eevans
neighborhood999;richzw
adrianjohnson;kjk
jjmarin;changwoo
rafaeling;Trifido
mcornella;apjanke
mbouzada;ymyasoedov
pesder;hadess
sjfkai;da-vaibhav
zwansch;FRIGN
benarito;gregmuellegger
inigomartinez;ecatmur
yeager;thanostx
farhaven;kaihendry
pranavk;pclouds
caarlos0;thcipriani
danigm;urmatej
luciang;ymyasoedov
nmrony;zackhall
brandoninvergo;farhaven
gforcada;piotrdrag
ewtoombs;kovidgoyal
yarons;tvainika
eslammostafa;booxter
ypsu;kaihendry
pesder;yeager
yeager;gforcada
booxter;yarons
fred-o;geoffgarside
tsdgeos;inigomartinez
pesder;jjmarin
colona;aes
danigm;kelemeng
changwoo;jaliste
To1ne;ptillemans
bobwilliams;thcipriani
kelemeng;takeshi-aihana
sjfkai;nmrony
pbor;dmustieles
dariovillar;afranke
betawaffle;thcipriani
yarons;wbolster
aes;MihailZenkov
jhogoforbroke;nainslie
dariovillar;frandieguez
adrianjohnson;pawel-wiejacha
mtrmac;pesder
adrianjohnson;ickle
changwoo;crayxt
yarons;jimmac
loverajoel;tevko
yselkowitz;net147
danigm;fernandesn
darul75;nainslie
sgomez;chrisixion
arauzo;i72algaf
moimael;yarons
pawel-wiejacha;Klowner
urmatej;jimmac
adrianjohnson;lool
To1ne;oknowton
bpeel;ThangCZ
Marv-CZ;aurisc4
sengels;ahartmetz
kittykat;cgwalters
atriwidada;hadess
apjanke;curiousstranger
moimael;prescott66
changwoo;pclouds
aurisc4;jmatsuzawa
leliel12;gregmuellegger
annoab;luciang
reingart;matuu
colona;vlaadbrain
geoffgarside;ptillemans
richzw;zackhall
changwoo;garnacho
jhogoforbroke;nmrony
To1ne;steeef
booxter;cosimoc
ymyasoedov;jbicha
kou;net147
eslammostafa;khaledhosny
hiberis;net147
mtrmac;jaliste
jrmuizel;mpsuzuki
inigomartinez;briancameron
neighborhood999;tevko
jbicha;cosimoc
pklinger;mebjas
mtrmac;KennethNielsen
danigm;mbouzada
loverajoel;sonnyt
gonyere;yarons
inigomartinez;adrianjohnson
oknowton;steeef
william8000;bazzargh
frandieguez;ookull
tutuca;walteralini
tsdgeos;briancameron
fernandesn;luciang
hiberis;ewtoombs
yarons;annoab
mebjas;SarjuHansaliya
apjanke;thcipriani
loalf;robholmes
pesder;wbolster
luciang;afranke
neighborhood999;zenopopovici
ickle;bazzargh
ElectronicRU;pooya
tsdgeos;tillkamppeter
fernandesn;frandieguez
khaledhosny;piotrdrag
garnacho;jaliste
dmustieles;Wylmer
garbeam;amade
ElectronicRU;dokrasa
oTree-org;jsteinhart
jbicha;prescott66
imajes;caarlos0
jrmuizel;jwilk
alexanthony;pesder
yeager;frandieguez
allanday;prescott66
KennethNielsen;luciang
loverajoel;jhogoforbroke
tsdgeos;jrmuizel
pbor;frandieguez
dmustieles;jmatsuzawa
fred-o;psprint
piotrdrag;gcampax
changwoo;nma-2009
mpsuzuki;tillkamppeter
seanpat09;nainslie
neighborhood999;octopitus
Gottox;andrewantle
dariovillar;mbouzada
eocampo421;gefoSoftware
loalf;dossorio
medgar123;FRIGN
frandieguez;changwoo
pesder;booxter
piotrdrag;dmustieles
yarons;piotrdrag
ericpruitt;ypsu
ericpruitt;amade
danigm;afranke
IMFTC;yarons
reavertm;ec1oud
medgar123;MihailZenkov
jhogoforbroke;da-vaibhav
piotrdrag;alexanthony
cosimoc;aurisc4
aes;hiltjo
pclouds;claudep
agonrex;vlaadbrain
gromgit;zackhall
gromgit;pklinger
darul75;da-vaibhav
cdelg4do;fsgpino
Joedalton2;luciang
mfaerevaag;lckarssen
annoab;nma-2009
AlbertoFuente;drakmail
atriwidada;pesder
afranke;gcampax
Marv-CZ;dooteo
frandieguez;MiloCasagrande
jhogoforbroke;JakeRawr
ncanceill;bobwilliams
LFDM;hakanensari
tsdgeos;bazzargh
prescott66;dooteo
pranavk;cgwalters
javaguirre;farhaven
Syrenne;Trifido
mfaerevaag;sorin-ionescu
medgar123;dokrasa
ypsu;jfhg
robbyrussell;Stibbons
arauzo;jesusrsolis
davidben;reavertm
dooteo;jimmac
AlbertoFuente;mebjas
imajes;steeef
kou;Klowner
ookull;khaledhosny
moimael;alexanthony
madmantalking;da-vaibhav
drakmail;nainslie
Marv-CZ;mbouzada
ElectronicRU;schachmat
hadess;nilamdyuti
gonyere;khaledhosny
ncanceill;curiousstranger
jmatth;sorin-ionescu
kjk;ewtoombs
esjeon;hiltjo
ericpruitt;esjeon
seanpat09;drakmail
hiberis;garnacho
yoseforb;dankor
yeager;afranke
imajes;oknowton
robbyrussell;lckarssen
betawaffle;sorin-ionescu
oknowton;sorin-ionescu
seiflotfy;piotrdrag
Gottox;cls
Wylmer;esanchezm
Joedalton2;Wylmer
ptillemans;sorin-ionescu
SarjuHansaliya;nainslie
ickle;net147
jhogoforbroke;microlv
cosimoc;atriwidada
schachmat;vlaadbrain
mebjas;drakmail
copybin;walteralini
curiousstranger;caarlos0
fred-o;lckarssen
hodefoting;terceiro
Marv-CZ;vagrale13
adrianjohnson;ecatmur
ypsu;dokrasa
ymyasoedov;crayxt
ironbishop;vlyalcin
pawel-wiejacha;ahartmetz
medgar123;farhaven
dariovillar;annoab
bazzargh;tillkamppeter
hiberis;KennethNielsen
seiflotfy;prescott66
gonyere;cosimoc
garbeam;brandoninvergo
curiousstranger;Stibbons
pbor;dankor
betawaffle;mekanics
geoffgarside;mbologna
jmatth;curiousstranger
davidben;ec1oud
loverajoel;mebjas
jmatth;ptillemans
ypsu;farhaven
geoffgarside;lckarssen
william8000;tillkamppeter
urmatej;luciang
urbalazs;pranavk
Marv-CZ;urmatej
yeager;nma-2009
LFDM;t413
tillkamppeter;ec1oud
ElectronicRU;egmontkob
ickle;yselkowitz
jjmarin;wbolster
darul75;hingsir
robbyrussell;curiousstranger
esjeon;MihailZenkov
yoseforb;pranavk
t413;steeef
hiberis;julienr
esjeon;bhendrickson
zwansch;k0gaMSX
geoffgarside;bobwilliams
jfhg;kaihendry
khaledhosny;urbalazs
curiousstranger;ptillemans
0xmtn;darul75
To1ne;svnlto
Joedalton2;mbouzada
luciang;vagrale13
booxter;jmatsuzawa
JakeRawr;microlv
pbor;cosimoc
frandieguez;yoseforb
jbicha;pclouds
garbeam;egmontkob
AlbertoFuente;mvedie
ookull;garnacho
betawaffle;oknowton
dokrasa;jfhg
seiflotfy;afranke
dlespiau;ylatuya
prescott66;cgwalters
aaptel;esjeon
pbor;Marv-CZ
annoab;hadess
prescott66;jimmac
colona;amade
LFDM;mbologna
mvedie;da-vaibhav
adrianjohnson;julienr
zenopopovici;jhogoforbroke
yarons;gforcada
dmustieles;mtrmac
mekanics;mbologna
frandieguez;hadess
ncanceill;mrtazz
jjmarin;yeager
gromgit;kurtextrem
wbolster;claudep
adrianjohnson;net147
piponazo;jialvarez
andrewantle;sr
svnlto;lckarssen
dongrego89;r12locoj
robbyrussell;oknowton
ahartmetz;lool
davidben;kou
richzw;Morklympious
julienr;tillkamppeter
hiberis;bradh
allanday;aurisc4
tsdgeos;bradh
jwilk;briancameron
fossfreedom;eevans
eslammostafa;gonyere
tsdgeos;sengels
sonnyt;da-vaibhav
zhangpenglin;da-vaibhav
gcampax;alexanthony
Joedalton2;vlyalcin
hiberis;jjmarin
bhendrickson;dokrasa
lool;net147
hiberis;Klowner
k0gaMSX;ElectronicRU
wbolster;piotrdrag
mimico;annoab
william8000;ahartmetz
jjmarin;pclouds
fernandesn;mateunho
piotrdrag;MiloCasagrande
prescott66;crayxt
urmatej;Wylmer
gromgit;da-vaibhav
hadess;pclouds
kelemeng;urmatej
richzw;octopitus
pklinger;tevko
Marv-CZ;crayxt
hakanensari;mfaerevaag
mpsuzuki;kou
MihailZenkov;CustaiCo
bobwilliams;lckarssen
0xmtn;JakeRawr
frandieguez;pmkovar
sjfkai;neighborhood999
loverajoel;sjfkai
moimael;afranke
asermax;silberzwiebel
hiberis;ookull
hakanensari;oknowton
sjfkai;gromgit
kjk;pawel-wiejacha
kou;kovidgoyal
khaledhosny;prescott66
copybin;gbourdin
khaledhosny;kelemeng
nilamdyuti;MiloCasagrande
kovidgoyal;lool
mcornella;curiousstranger
yarons;jbicha
kjk;tah
thanostx;urbalazs
Marv-CZ;urbalazs
betawaffle;mfaerevaag
javaguirre;mgdelacroix
radare;javaguirre
jgmp;kaihendry
booxter;cgwalters
AlbertoFuente;sonnyt
jhogoforbroke;pklinger
i32petoj;FranTorresVidal
hingsir;mvedie
ymyasoedov;jmatsuzawa
bradh;bazzargh
FRIGN;brandoninvergo
hadess;Marv-CZ
hiberis;pesder
0xmtn;microlv
jjmarin;urmatej
geoffgarside;steeef
danigm;Joedalton2
aes;michaelforney
nmrony;tevko
anydot;zwansch
Joedalton2;yeager
oknowton;caarlos0
benarito;ShuyaLi
jaliste;andrejz
eslammostafa;urmatej
To1ne;Stibbons
pawel-wiejacha;yselkowitz
pesder;afranke
zenopopovici;0xmtn
eslammostafa;allanday
Klowner;net147
zenopopovici;SarjuHansaliya
caarlos0;svnlto
kovidgoyal;Klowner
mekanics;t413
lumilo8;hidabe
IMFTC;MiloCasagrande
colona;MihailZenkov
mbologna;thcipriani
julienr;pawel-wiejacha
eevans;silberzwiebel
Marv-CZ;esanchezm
mebjas;Morklympious
jrmuizel;briancameron
mpsuzuki;ahartmetz
pesder;ymyasoedov
pbor;atriwidada
To1ne;t413
sjfkai;AlbertoFuente
fred-o;mbologna
caarlos0;mbologna
changwoo;piotrdrag
ncanceill;geoffgarside
esjeon;radare
pesder;jimmac
mtrmac;ookull
jezze;vlaadbrain
geoffgarside;betawaffle
sjfkai;nainslie
apjanke;steeef
mekanics;lckarssen
darul75;seanpat09
Marv-CZ;mateunho
tvainika;takeshi-aihana
aes;javaguirre
MihailZenkov;vlaadbrain
hiberis;pclouds
mcornella;mrtazz
hiberis;mtrmac
To1ne;sorin-ionescu
Syrenne;pingeniero
sjfkai;zenopopovici
changwoo;takeshi-aihana
allanday;jbicha
danigm;frandieguez
emilioramirez;gbourdin
Klowner;yselkowitz
ncanceill;betawaffle
urmatej;alexanthony
ericpruitt;FRIGN
colona;farhaven
tillkamppeter;net147
kelemeng;Wylmer
gcampax;cosimoc
zenopopovici;AlbertoFuente
jmatth;thcipriani
Gottox;Athas
Morklympious;da-vaibhav
0xmtn;richzw
Joedalton2;kelemeng
mimico;hadess
apjanke;oknowton
zwansch;sr
hiberis;annoab
julienr;ecatmur
adrianjohnson;mpsuzuki
pklinger;mvedie
hiberis;ahartmetz
ElectronicRU;ericpruitt
bobwilliams;ptillemans
atriwidada;kelemeng
dmustieles;cgwalters
ncanceill;sorin-ionescu
Morklympious;drakmail
julienr;ec1oud
mcornella;fred-o
amade;jgmp
tsdgeos;net147
mtrmac;crayxt
loverajoel;neighborhood999
tvainika;changwoo
inigomartinez;reavertm
khaledhosny;jimmac
IMFTC;cosimoc
jmatth;svnlto
pbor;allanday
LFDM;svnlto
thanostx;gcampax
aes;dokrasa
gromgit;darul75
KennethNielsen;vagrale13
schachmat;kaihendry
hiltjo;jgmp
pbor;gonyere
reavertm;tah
hiberis;piotrdrag
ypsu;jgmp
ecatmur;yselkowitz
jjmarin;piotrdrag
mtrmac;mimico
pbor;prescott66
MiloCasagrande;prescott66
drakmail;da-vaibhav
cls;pooya
jjmarin;takeshi-aihana
hadess;frandieguez
ylatuya;ThangCZ
kelemeng;khaledhosny
amade;farhaven
zackhall;mvedie
tsdgeos;davidben
julienr;ahartmetz
richzw;seanpat09
ericpruitt;egmontkob
mcornella;mbologna
kjk;kovidgoyal
AlbertoFuente;da-vaibhav
k0gaMSX;MihailZenkov
mateunho;thanostx
CustaiCo;dokrasa
ookull;atriwidada
gcampax;prescott66
FRIGN;dokrasa
frandieguez;allanday
psprint;lckarssen
hodefoting;ThangCZ
sengels;william8000
IMFTC;khaledhosny
schachmat;CustaiCo
mmautomatizacion;lgruz
dankor;pranavk
cosimoc;nilamdyuti
pesder;changwoo
oknowton;lckarssen
jwilk;kou
jrmuizel;net147
thcipriani;sorin-ionescu
tah;ec1oud
khaledhosny;changwoo
tah;pawel-wiejacha
seanpat09;mebjas
imajes;mbologna
brandoninvergo;MihailZenkov
eslammostafa;frandieguez
frandieguez;vagrale13
ookull;wbolster
ahartmetz;yselkowitz
frandieguez;nma-2009
kurtextrem;seanpat09
zwansch;brandoninvergo
hadess;urbalazs
jwilk;Klowner
hadess;yoseforb
madmantalking;octopitus
kurtextrem;mvedie
andrejz;claudep
acuberof;rcarmonas
jmatth;psprint
wbolster;nma-2009
adrianjohnson;ahartmetz
betawaffle;ptillemans
apjanke;fred-o
hiltjo;javaguirre
javaguirre;gootyfer
Morklympious;mvedie
wbolster;andrejz
dooteo;pclouds
caarlos0;ptillemans
wbolster;atriwidada
frandieguez;kelemeng
urmatej;urbalazs
esanchezm;mbouzada
hadess;cgwalters
pclouds;prescott66
sargentocharli;i02lomom
sargentocharli;i02lomom
yarons;ymyasoedov
yarons;ymyasoedov
cosimoc;prescott66
cosimoc;prescott66
piotrdrag;Marv-CZ
piotrdrag;Marv-CZ
pesder;crayxt
pesder;crayxt
ymyasoedov;afranke
ymyasoedov;afranke
piotrdrag;ymyasoedov
piotrdrag;ymyasoedov
nilamdyuti;yarons
nilamdyuti;yarons
booxter;afranke
booxter;afranke
yarons;dankor
yarons;dankor
aurisc4;prescott66
aurisc4;prescott66
Marv-CZ;atriwidada
Marv-CZ;atriwidada
dmustieles;booxter
dmustieles;booxter
dmustieles;annoab
dmustieles;annoab
nilamdyuti;pclouds
nilamdyuti;pclouds
jorcalle11;JorgeCalle
jorcalle11;JorgeCalle
Marv-CZ;booxter
Marv-CZ;booxter
darkbox;souanyirer
darkbox;souanyirer
Marv-CZ;yarons
Marv-CZ;yarons
pesder;khaledhosny
pesder;khaledhosny
jesuschicano;Rubenrod18
jesuschicano;Rubenrod18
Marv-CZ;pesder
Marv-CZ;pesder
piotrdrag;thanostx
piotrdrag;thanostx
zwansch;ElectronicRU
zwansch;ElectronicRU
aurisc4;ymyasoedov
aurisc4;ymyasoedov
javaguirre;vlaadbrain
javaguirre;vlaadbrain
thanostx;khaledhosny
thanostx;khaledhosny
aurisc4;pclouds
aurisc4;pclouds
dmustieles;kelemeng
dmustieles;kelemeng
dmustieles;KennethNielsen
dmustieles;KennethNielsen
booxter;ymyasoedov
booxter;ymyasoedov
mdottavio;loverajoel
mdottavio;loverajoel
afranke;pclouds
afranke;pclouds
khaledhosny;afranke
khaledhosny;afranke
yarons;khaledhosny
yarons;khaledhosny
garbeam;javaguirre
garbeam;javaguirre
urmatej;Marv-CZ
urmatej;Marv-CZ
nilamdyuti;booxter
nilamdyuti;booxter
piotrdrag;booxter
piotrdrag;booxter
javaguirre;zwansch
javaguirre;zwansch
thanostx;dankor
thanostx;dankor
pesder;dankor
pesder;dankor
booxter;dankor
booxter;dankor
pesder;pclouds
pesder;pclouds
urmatej;yeager
urmatej;yeager
frandieguez;aurisc4
frandieguez;aurisc4
piotrdrag;dankor
piotrdrag;dankor
aurisc4;afranke
aurisc4;afranke
piotrdrag;aurisc4
piotrdrag;aurisc4
piotrdrag;khaledhosny
piotrdrag;khaledhosny
piotrdrag;pclouds
piotrdrag;pclouds
ElectronicRU;vlaadbrain
ElectronicRU;vlaadbrain
dmustieles;nilamdyuti
dmustieles;nilamdyuti
thanostx;pclouds
thanostx;pclouds
booxter;pclouds
booxter;pclouds
pesder;yarons
pesder;yarons
piotrdrag;pesder
piotrdrag;pesder
aurisc4;booxter
aurisc4;booxter
dmustieles;prescott66
dmustieles;prescott66
urmatej;pesder
urmatej;pesder
piotrdrag;prescott66
piotrdrag;prescott66
urmatej;annoab
urmatej;annoab
urmatej;nilamdyuti
urmatej;nilamdyuti
kelemeng;annoab
kelemeng;annoab
dmustieles;dankor
dmustieles;dankor
atriwidada;pclouds
atriwidada;pclouds
ymyasoedov;dankor
ymyasoedov;dankor
aurisc4;nilamdyuti
aurisc4;nilamdyuti
piotrdrag;urmatej
piotrdrag;urmatej
yarons;afranke
yarons;afranke
afranke;atriwidada
afranke;atriwidada
atriwidada;dankor
atriwidada;dankor
thanostx;atriwidada
thanostx;atriwidada
Marv-CZ;dankor
Marv-CZ;dankor
ymyasoedov;atriwidada
ymyasoedov;atriwidada
aurisc4;atriwidada
aurisc4;atriwidada
piotrdrag;hadess
piotrdrag;hadess
aurisc4;dankor
aurisc4;dankor
aurisc4;pesder
aurisc4;pesder
urmatej;booxter
urmatej;booxter
nilamdyuti;pesder
nilamdyuti;pesder
frandieguez;Marv-CZ
frandieguez;Marv-CZ
dmustieles;crayxt
dmustieles;crayxt
nilamdyuti;thanostx
nilamdyuti;thanostx
nilamdyuti;prescott66
nilamdyuti;prescott66
khaledhosny;dankor
khaledhosny;dankor
booxter;atriwidada
booxter;atriwidada
nilamdyuti;atriwidada
nilamdyuti;atriwidada
ElectronicRU;javaguirre
ElectronicRU;javaguirre
kelemeng;KennethNielsen
kelemeng;KennethNielsen
kelemeng;pclouds
kelemeng;pclouds
zwansch;vlaadbrain
zwansch;vlaadbrain
frandieguez;KennethNielsen
frandieguez;KennethNielsen
frandieguez;dankor
frandieguez;dankor
cosimoc;dankor
cosimoc;dankor
Tonylu11;mazetuski
Tonylu11;mazetuski
aurisc4;yarons
aurisc4;yarons
khaledhosny;crayxt
khaledhosny;crayxt
zwansch;javaguirre
zwansch;javaguirre
yarons;crayxt
yarons;crayxt
piotrdrag;atriwidada
piotrdrag;atriwidada
nilamdyuti;ymyasoedov
nilamdyuti;ymyasoedov
annoab;KennethNielsen
annoab;KennethNielsen
Marv-CZ;prescott66
Marv-CZ;prescott66
aurisc4;khaledhosny
aurisc4;khaledhosny
frandieguez;prescott66
frandieguez;prescott66
piotrdrag;yarons
piotrdrag;yarons
urmatej;KennethNielsen
urmatej;KennethNielsen
aurisc4;thanostx
aurisc4;thanostx
yeager;annoab
yeager;annoab
pesder;atriwidada
pesder;atriwidada
ymyasoedov;pclouds
ymyasoedov;pclouds
afranke;dankor
afranke;dankor
nilamdyuti;dankor
nilamdyuti;dankor
yeager;KennethNielsen
yeager;KennethNielsen
cabrera-dcc;danicebrero
cabrera-dcc;danicebrero
urmatej;crayxt
urmatej;crayxt
frandieguez;booxter
frandieguez;booxter
Marv-CZ;pclouds
Marv-CZ;pclouds
piotrdrag;afranke
piotrdrag;afranke
frandieguez;crayxt
frandieguez;crayxt
frandieguez;nilamdyuti
frandieguez;nilamdyuti
asermax;fossfreedom
asermax;fossfreedom
piotrdrag;frandieguez
piotrdrag;frandieguez
thanostx;ymyasoedov
thanostx;ymyasoedov
nilamdyuti;khaledhosny
nilamdyuti;khaledhosny
dmustieles;piotrdrag
dmustieles;piotrdrag
dmustieles;hadess
dmustieles;hadess
piotrdrag;nilamdyuti
piotrdrag;nilamdyuti
urmatej;dankor
urmatej;dankor
kelemeng;frandieguez
kelemeng;frandieguez
nilamdyuti;afranke
nilamdyuti;afranke
urmatej;prescott66
urmatej;prescott66
Marv-CZ;thanostx
Marv-CZ;thanostx
urmatej;kelemeng
urmatej;kelemeng
dmustieles;aurisc4
dmustieles;aurisc4
pesder;prescott66
pesder;prescott66
frandieguez;atriwidada
frandieguez;atriwidada
frandieguez;atriwidada
thanostx;afranke
thanostx;afranke
thanostx;afranke
dmustieles;pesder
dmustieles;pesder
dmustieles;pesder
dmustieles;afranke
dmustieles;afranke
dmustieles;afranke
frandieguez;pclouds
frandieguez;pclouds
frandieguez;pclouds
Marv-CZ;ymyasoedov
Marv-CZ;ymyasoedov
Marv-CZ;ymyasoedov
Marv-CZ;afranke
Marv-CZ;afranke
Marv-CZ;afranke
dmustieles;Marv-CZ
dmustieles;Marv-CZ
dmustieles;Marv-CZ
urmatej;khaledhosny
urmatej;khaledhosny
urmatej;khaledhosny
frandieguez;thanostx
frandieguez;thanostx
frandieguez;thanostx
khaledhosny;pclouds
khaledhosny;pclouds
khaledhosny;pclouds
urmatej;atriwidada
urmatej;atriwidada
urmatej;atriwidada
yarons;pclouds
yarons;pclouds
yarons;pclouds
frandieguez;urmatej
frandieguez;urmatej
frandieguez;urmatej
urmatej;yarons
urmatej;yarons
urmatej;yarons
urmatej;ymyasoedov
urmatej;ymyasoedov
urmatej;ymyasoedov
urmatej;afranke
urmatej;afranke
urmatej;afranke
frandieguez;yarons
frandieguez;yarons
frandieguez;yarons
khaledhosny;atriwidada
khaledhosny;atriwidada
khaledhosny;atriwidada
frandieguez;pesder
frandieguez;pesder
frandieguez;pesder
dmustieles;thanostx
dmustieles;thanostx
dmustieles;thanostx
urmatej;thanostx
urmatej;thanostx
urmatej;thanostx
dmustieles;pclouds
dmustieles;pclouds
dmustieles;pclouds
frandieguez;ymyasoedov
frandieguez;ymyasoedov
frandieguez;ymyasoedov
dmustieles;ymyasoedov
dmustieles;ymyasoedov
dmustieles;ymyasoedov
yarons;atriwidada
yarons;atriwidada
yarons;atriwidada
frandieguez;khaledhosny
frandieguez;khaledhosny
frandieguez;khaledhosny
dmustieles;urmatej
dmustieles;urmatej
dmustieles;urmatej
frandieguez;afranke
frandieguez;afranke
frandieguez;afranke
urmatej;pclouds
urmatej;pclouds
urmatej;pclouds
apisd;DevRicardo
apisd;DevRicardo
apisd;DevRicardo
dmustieles;atriwidada
dmustieles;atriwidada
dmustieles;atriwidada
dmustieles;khaledhosny
dmustieles;khaledhosny
dmustieles;khaledhosny
dmustieles;yarons
dmustieles;yarons
dmustieles;yarons
dmustieles;frandieguez
dmustieles;frandieguez
dmustieles;frandieguez
dmustieles;frandieguez
brianstorti;bitdeli-chef
brianstorti;bitdeli-chef
brianstorti;bitdeli-chef
brianstorti;bitdeli-chef
brianstorti;bitdeli-chef
brianstorti;bitdeli-chef
